sample_id,machine_id,image_path,audio_path,temperature_c,vibration_rms_g,rotational_speed_rpm,motor_current_a,hydraulic_pressure_bar,load_percentage,technician_notes,fault_label
machine_asset_01_event_000,machine_asset_01,data\multimodal\images\machine_asset_01_event_000.png,data\multimodal\audio\machine_asset_01_event_000.wav,54.09,9.063,1436.4,10.86,131.6,69.9,Severe 1X rotational vibration harmonics and mild rotational speed drop under load.,rotor_unbalance
machine_asset_01_event_001,machine_asset_01,data\multimodal\images\machine_asset_01_event_001.png,data\multimodal\audio\machine_asset_01_event_001.wav,61.73,2.32,1516.0,9.67,133.65,84.2,Regular shift inspection complete. Machine operating within normal acoustic and thermal limits.,normal_state
machine_asset_01_event_002,machine_asset_01,data\multimodal\images\machine_asset_01_event_002.png,data\multimodal\audio\machine_asset_01_event_002.wav,100.53,5.375,1503.8,10.22,141.91,77.1,Audible high-pitched periodic chirping from drive-end bearing. Casing hot to touch.,bearing_defect_wear
machine_asset_01_event_003,machine_asset_01,data\multimodal\images\machine_asset_01_event_003.png,data\multimodal\audio\machine_asset_01_event_003.wav,54.81,1.504,1478.4,11.09,137.27,68.1,Regular shift inspection complete. Machine operating within normal acoustic and thermal limits.,normal_state
machine_asset_01_event_004,machine_asset_01,data\multimodal\images\machine_asset_01_event_004.png,data\multimodal\audio\machine_asset_01_event_004.wav,52.34,1.523,1493.1,9.74,129.8,67.8,Regular shift inspection complete. Machine operating within normal acoustic and thermal limits.,normal_state
machine_asset_01_event_005,machine_asset_01,data\multimodal\images\machine_asset_01_event_005.png,data\multimodal\audio\machine_asset_01_event_005.wav,52.59,1.283,1498.3,10.42,141.43,73.3,Regular shift inspection complete. Machine operating within normal acoustic and thermal limits.,normal_state
machine_asset_01_event_006,machine_asset_01,data\multimodal\images\machine_asset_01_event_006.png,data\multimodal\audio\machine_asset_01_event_006.wav,49.81,7.922,1492.0,10.16,137.44,61.6,Visible crack propagation on mounting bracket and audible mechanical rattling.,structural_crack_loose
machine_asset_01_event_007,machine_asset_01,data\multimodal\images\machine_asset_01_event_007.png,data\multimodal\audio\machine_asset_01_event_007.wav,55.0,7.048,1500.8,10.19,139.02,66.0,Visible crack propagation on mounting bracket and audible mechanical rattling.,structural_crack_loose
machine_asset_01_event_008,machine_asset_01,data\multimodal\images\machine_asset_01_event_008.png,data\multimodal\audio\machine_asset_01_event_008.wav,55.32,9.528,1418.0,10.49,142.95,69.8,Severe 1X rotational vibration harmonics and mild rotational speed drop under load.,rotor_unbalance
machine_asset_01_event_009,machine_asset_01,data\multimodal\images\machine_asset_01_event_009.png,data\multimodal\audio\machine_asset_01_event_009.wav,53.67,2.005,1505.0,11.01,140.1,68.2,Regular shift inspection complete. Machine operating within normal acoustic and thermal limits.,normal_state
machine_asset_01_event_010,machine_asset_01,data\multimodal\images\machine_asset_01_event_010.png,data\multimodal\audio\machine_asset_01_event_010.wav,49.38,8.296,1465.4,9.1,143.78,62.9,Severe 1X rotational vibration harmonics and mild rotational speed drop under load.,rotor_unbalance
machine_asset_01_event_011,machine_asset_01,data\multimodal\images\machine_asset_01_event_011.png,data\multimodal\audio\machine_asset_01_event_011.wav,56.36,7.202,1485.0,9.44,132.39,72.6,Visible crack propagation on mounting bracket and audible mechanical rattling.,structural_crack_loose
machine_asset_01_event_012,machine_asset_01,data\multimodal\images\machine_asset_01_event_012.png,data\multimodal\audio\machine_asset_01_event_012.wav,55.42,8.664,1403.6,9.54,129.9,67.2,Severe 1X rotational vibration harmonics and mild rotational speed drop under load.,rotor_unbalance
machine_asset_01_event_013,machine_asset_01,data\multimodal\images\machine_asset_01_event_013.png,data\multimodal\audio\machine_asset_01_event_013.wav,54.19,6.487,1494.6,10.32,142.25,70.6,Visible crack propagation on mounting bracket and audible mechanical rattling.,structural_crack_loose
machine_asset_01_event_014,machine_asset_01,data\multimodal\images\machine_asset_01_event_014.png,data\multimodal\audio\machine_asset_01_event_014.wav,58.21,10.919,1434.9,10.32,143.43,64.6,Severe 1X rotational vibration harmonics and mild rotational speed drop under load.,rotor_unbalance
machine_asset_01_event_015,machine_asset_01,data\multimodal\images\machine_asset_01_event_015.png,data\multimodal\audio\machine_asset_01_event_015.wav,56.63,11.188,1410.5,10.73,142.05,78.2,Severe 1X rotational vibration harmonics and mild rotational speed drop under load.,rotor_unbalance
machine_asset_01_event_016,machine_asset_01,data\multimodal\images\machine_asset_01_event_016.png,data\multimodal\audio\machine_asset_01_event_016.wav,58.07,9.365,1431.7,9.52,145.09,65.9,Severe 1X rotational vibration harmonics and mild rotational speed drop under load.,rotor_unbalance
machine_asset_01_event_017,machine_asset_01,data\multimodal\images\machine_asset_01_event_017.png,data\multimodal\audio\machine_asset_01_event_017.wav,52.77,1.773,1491.6,10.47,39.94,66.7,Broadband hissing noise in pump suction line. Hydraulic pressure dropped severely.,hydraulic_cavitation
machine_asset_01_event_018,machine_asset_01,data\multimodal\images\machine_asset_01_event_018.png,data\multimodal\audio\machine_asset_01_event_018.wav,55.28,2.087,1514.7,10.24,137.9,62.7,Regular shift inspection complete. Machine operating within normal acoustic and thermal limits.,normal_state
machine_asset_01_event_019,machine_asset_01,data\multimodal\images\machine_asset_01_event_019.png,data\multimodal\audio\machine_asset_01_event_019.wav,54.55,6.946,1503.3,9.46,138.44,78.0,Visible crack propagation on mounting bracket and audible mechanical rattling.,structural_crack_loose
machine_asset_01_event_020,machine_asset_01,data\multimodal\images\machine_asset_01_event_020.png,data\multimodal\audio\machine_asset_01_event_020.wav,52.29,8.781,1484.5,10.27,139.31,66.3,Visible crack propagation on mounting bracket and audible mechanical rattling.,structural_crack_loose
machine_asset_01_event_021,machine_asset_01,data\multimodal\images\machine_asset_01_event_021.png,data\multimodal\audio\machine_asset_01_event_021.wav,60.68,1.816,1490.0,11.05,55.25,62.7,Broadband hissing noise in pump suction line. Hydraulic pressure dropped severely.,hydraulic_cavitation
machine_asset_01_event_022,machine_asset_01,data\multimodal\images\machine_asset_01_event_022.png,data\multimodal\audio\machine_asset_01_event_022.wav,59.77,9.161,1445.2,10.04,145.88,66.1,Severe 1X rotational vibration harmonics and mild rotational speed drop under load.,rotor_unbalance
machine_asset_01_event_023,machine_asset_01,data\multimodal\images\machine_asset_01_event_023.png,data\multimodal\audio\machine_asset_01_event_023.wav,55.19,1.813,1498.9,10.3,42.35,75.8,Broadband hissing noise in pump suction line. Hydraulic pressure dropped severely.,hydraulic_cavitation
machine_asset_01_event_024,machine_asset_01,data\multimodal\images\machine_asset_01_event_024.png,data\multimodal\audio\machine_asset_01_event_024.wav,52.81,1.165,1512.9,10.49,136.93,60.7,Regular shift inspection complete. Machine operating within normal acoustic and thermal limits.,normal_state
machine_asset_02_event_000,machine_asset_02,data\multimodal\images\machine_asset_02_event_000.png,data\multimodal\audio\machine_asset_02_event_000.wav,54.64,10.679,1442.2,10.43,145.0,60.9,Severe 1X rotational vibration harmonics and mild rotational speed drop under load.,rotor_unbalance
machine_asset_02_event_001,machine_asset_02,data\multimodal\images\machine_asset_02_event_001.png,data\multimodal\audio\machine_asset_02_event_001.wav,50.13,1.51,1489.1,9.94,134.17,78.1,Regular shift inspection complete. Machine operating within normal acoustic and thermal limits.,normal_state
machine_asset_02_event_002,machine_asset_02,data\multimodal\images\machine_asset_02_event_002.png,data\multimodal\audio\machine_asset_02_event_002.wav,58.41,10.606,1400.8,10.69,137.9,62.1,Severe 1X rotational vibration harmonics and mild rotational speed drop under load.,rotor_unbalance
machine_asset_02_event_003,machine_asset_02,data\multimodal\images\machine_asset_02_event_003.png,data\multimodal\audio\machine_asset_02_event_003.wav,48.64,6.659,1479.5,10.62,140.75,66.9,Visible crack propagation on mounting bracket and audible mechanical rattling.,structural_crack_loose
machine_asset_02_event_004,machine_asset_02,data\multimodal\images\machine_asset_02_event_004.png,data\multimodal\audio\machine_asset_02_event_004.wav,57.65,1.712,1498.4,10.72,37.27,74.0,Broadband hissing noise in pump suction line. Hydraulic pressure dropped severely.,hydraulic_cavitation
machine_asset_02_event_005,machine_asset_02,data\multimodal\images\machine_asset_02_event_005.png,data\multimodal\audio\machine_asset_02_event_005.wav,58.81,1.907,1483.8,9.81,33.41,75.3,Broadband hissing noise in pump suction line. Hydraulic pressure dropped severely.,hydraulic_cavitation
machine_asset_02_event_006,machine_asset_02,data\multimodal\images\machine_asset_02_event_006.png,data\multimodal\audio\machine_asset_02_event_006.wav,54.18,8.011,1491.7,9.9,130.8,61.3,Visible crack propagation on mounting bracket and audible mechanical rattling.,structural_crack_loose
machine_asset_02_event_007,machine_asset_02,data\multimodal\images\machine_asset_02_event_007.png,data\multimodal\audio\machine_asset_02_event_007.wav,103.72,5.171,1492.8,10.28,146.35,67.0,Audible high-pitched periodic chirping from drive-end bearing. Casing hot to touch.,bearing_defect_wear
machine_asset_02_event_008,machine_asset_02,data\multimodal\images\machine_asset_02_event_008.png,data\multimodal\audio\machine_asset_02_event_008.wav,52.91,1.749,1482.7,10.68,141.45,73.9,Regular shift inspection complete. Machine operating within normal acoustic and thermal limits.,normal_state
machine_asset_02_event_009,machine_asset_02,data\multimodal\images\machine_asset_02_event_009.png,data\multimodal\audio\machine_asset_02_event_009.wav,53.41,1.732,1496.9,9.74,132.91,64.2,Regular shift inspection complete. Machine operating within normal acoustic and thermal limits.,normal_state
machine_asset_02_event_010,machine_asset_02,data\multimodal\images\machine_asset_02_event_010.png,data\multimodal\audio\machine_asset_02_event_010.wav,54.79,1.369,1482.5,9.84,143.5,67.2,Regular shift inspection complete. Machine operating within normal acoustic and thermal limits.,normal_state
machine_asset_02_event_011,machine_asset_02,data\multimodal\images\machine_asset_02_event_011.png,data\multimodal\audio\machine_asset_02_event_011.wav,58.1,7.888,1476.6,11.29,126.68,76.3,Visible crack propagation on mounting bracket and audible mechanical rattling.,structural_crack_loose
machine_asset_02_event_012,machine_asset_02,data\multimodal\images\machine_asset_02_event_012.png,data\multimodal\audio\machine_asset_02_event_012.wav,52.75,8.501,1495.0,9.57,141.9,68.8,Visible crack propagation on mounting bracket and audible mechanical rattling.,structural_crack_loose
machine_asset_02_event_013,machine_asset_02,data\multimodal\images\machine_asset_02_event_013.png,data\multimodal\audio\machine_asset_02_event_013.wav,51.89,2.02,1507.1,10.17,48.89,71.3,Broadband hissing noise in pump suction line. Hydraulic pressure dropped severely.,hydraulic_cavitation
machine_asset_02_event_014,machine_asset_02,data\multimodal\images\machine_asset_02_event_014.png,data\multimodal\audio\machine_asset_02_event_014.wav,61.8,1.839,1502.7,11.2,132.38,74.8,Regular shift inspection complete. Machine operating within normal acoustic and thermal limits.,normal_state
machine_asset_02_event_015,machine_asset_02,data\multimodal\images\machine_asset_02_event_015.png,data\multimodal\audio\machine_asset_02_event_015.wav,52.54,1.837,1499.0,10.01,136.72,67.6,Regular shift inspection complete. Machine operating within normal acoustic and thermal limits.,normal_state
machine_asset_02_event_016,machine_asset_02,data\multimodal\images\machine_asset_02_event_016.png,data\multimodal\audio\machine_asset_02_event_016.wav,58.53,1.401,1492.4,10.11,148.17,67.0,Regular shift inspection complete. Machine operating within normal acoustic and thermal limits.,normal_state
machine_asset_02_event_017,machine_asset_02,data\multimodal\images\machine_asset_02_event_017.png,data\multimodal\audio\machine_asset_02_event_017.wav,90.59,6.038,1493.6,10.37,136.02,72.2,Audible high-pitched periodic chirping from drive-end bearing. Casing hot to touch.,bearing_defect_wear
machine_asset_02_event_018,machine_asset_02,data\multimodal\images\machine_asset_02_event_018.png,data\multimodal\audio\machine_asset_02_event_018.wav,54.33,1.6,1514.5,11.31,146.23,71.1,Regular shift inspection complete. Machine operating within normal acoustic and thermal limits.,normal_state
machine_asset_02_event_019,machine_asset_02,data\multimodal\images\machine_asset_02_event_019.png,data\multimodal\audio\machine_asset_02_event_019.wav,53.8,1.735,1488.3,9.69,41.84,72.7,Broadband hissing noise in pump suction line. Hydraulic pressure dropped severely.,hydraulic_cavitation
machine_asset_02_event_020,machine_asset_02,data\multimodal\images\machine_asset_02_event_020.png,data\multimodal\audio\machine_asset_02_event_020.wav,101.84,5.174,1496.1,10.49,143.56,72.8,Audible high-pitched periodic chirping from drive-end bearing. Casing hot to touch.,bearing_defect_wear
machine_asset_02_event_021,machine_asset_02,data\multimodal\images\machine_asset_02_event_021.png,data\multimodal\audio\machine_asset_02_event_021.wav,94.82,5.033,1519.7,9.03,147.9,67.4,Audible high-pitched periodic chirping from drive-end bearing. Casing hot to touch.,bearing_defect_wear
machine_asset_02_event_022,machine_asset_02,data\multimodal\images\machine_asset_02_event_022.png,data\multimodal\audio\machine_asset_02_event_022.wav,52.93,1.847,1485.7,9.96,52.06,63.4,Broadband hissing noise in pump suction line. Hydraulic pressure dropped severely.,hydraulic_cavitation
machine_asset_02_event_023,machine_asset_02,data\multimodal\images\machine_asset_02_event_023.png,data\multimodal\audio\machine_asset_02_event_023.wav,51.12,1.579,1493.4,10.39,43.91,78.4,Broadband hissing noise in pump suction line. Hydraulic pressure dropped severely.,hydraulic_cavitation
machine_asset_02_event_024,machine_asset_02,data\multimodal\images\machine_asset_02_event_024.png,data\multimodal\audio\machine_asset_02_event_024.wav,57.2,1.84,1495.9,10.99,140.71,70.7,Regular shift inspection complete. Machine operating within normal acoustic and thermal limits.,normal_state
machine_asset_03_event_000,machine_asset_03,data\multimodal\images\machine_asset_03_event_000.png,data\multimodal\audio\machine_asset_03_event_000.wav,95.61,4.651,1485.9,9.94,141.69,81.1,Audible high-pitched periodic chirping from drive-end bearing. Casing hot to touch.,bearing_defect_wear
machine_asset_03_event_001,machine_asset_03,data\multimodal\images\machine_asset_03_event_001.png,data\multimodal\audio\machine_asset_03_event_001.wav,54.9,1.788,1486.4,10.34,147.54,76.7,Regular shift inspection complete. Machine operating within normal acoustic and thermal limits.,normal_state
machine_asset_03_event_002,machine_asset_03,data\multimodal\images\machine_asset_03_event_002.png,data\multimodal\audio\machine_asset_03_event_002.wav,54.1,8.911,1442.6,10.7,134.72,72.3,Severe 1X rotational vibration harmonics and mild rotational speed drop under load.,rotor_unbalance
machine_asset_03_event_003,machine_asset_03,data\multimodal\images\machine_asset_03_event_003.png,data\multimodal\audio\machine_asset_03_event_003.wav,56.51,6.265,1494.8,10.39,141.4,68.3,Visible crack propagation on mounting bracket and audible mechanical rattling.,structural_crack_loose
machine_asset_03_event_004,machine_asset_03,data\multimodal\images\machine_asset_03_event_004.png,data\multimodal\audio\machine_asset_03_event_004.wav,49.9,1.886,1484.4,10.62,49.63,63.1,Broadband hissing noise in pump suction line. Hydraulic pressure dropped severely.,hydraulic_cavitation
machine_asset_03_event_005,machine_asset_03,data\multimodal\images\machine_asset_03_event_005.png,data\multimodal\audio\machine_asset_03_event_005.wav,96.71,5.059,1498.6,9.82,137.48,67.4,Audible high-pitched periodic chirping from drive-end bearing. Casing hot to touch.,bearing_defect_wear
machine_asset_03_event_006,machine_asset_03,data\multimodal\images\machine_asset_03_event_006.png,data\multimodal\audio\machine_asset_03_event_006.wav,55.79,1.673,1507.9,9.18,52.6,73.4,Broadband hissing noise in pump suction line. Hydraulic pressure dropped severely.,hydraulic_cavitation
machine_asset_03_event_007,machine_asset_03,data\multimodal\images\machine_asset_03_event_007.png,data\multimodal\audio\machine_asset_03_event_007.wav,101.6,6.283,1496.2,10.63,135.48,72.3,Audible high-pitched periodic chirping from drive-end bearing. Casing hot to touch.,bearing_defect_wear
machine_asset_03_event_008,machine_asset_03,data\multimodal\images\machine_asset_03_event_008.png,data\multimodal\audio\machine_asset_03_event_008.wav,51.33,9.951,1423.3,9.66,138.79,65.3,Severe 1X rotational vibration harmonics and mild rotational speed drop under load.,rotor_unbalance
machine_asset_03_event_009,machine_asset_03,data\multimodal\images\machine_asset_03_event_009.png,data\multimodal\audio\machine_asset_03_event_009.wav,98.27,6.046,1508.9,9.94,139.85,61.8,Audible high-pitched periodic chirping from drive-end bearing. Casing hot to touch.,bearing_defect_wear
machine_asset_03_event_010,machine_asset_03,data\multimodal\images\machine_asset_03_event_010.png,data\multimodal\audio\machine_asset_03_event_010.wav,55.3,1.747,1498.7,9.0,49.05,65.1,Broadband hissing noise in pump suction line. Hydraulic pressure dropped severely.,hydraulic_cavitation
machine_asset_03_event_011,machine_asset_03,data\multimodal\images\machine_asset_03_event_011.png,data\multimodal\audio\machine_asset_03_event_011.wav,52.59,1.692,1491.8,8.97,44.53,73.4,Broadband hissing noise in pump suction line. Hydraulic pressure dropped severely.,hydraulic_cavitation
machine_asset_03_event_012,machine_asset_03,data\multimodal\images\machine_asset_03_event_012.png,data\multimodal\audio\machine_asset_03_event_012.wav,102.5,4.609,1490.4,9.99,143.16,67.0,Audible high-pitched periodic chirping from drive-end bearing. Casing hot to touch.,bearing_defect_wear
machine_asset_03_event_013,machine_asset_03,data\multimodal\images\machine_asset_03_event_013.png,data\multimodal\audio\machine_asset_03_event_013.wav,47.27,6.833,1500.3,8.8,142.45,64.7,Visible crack propagation on mounting bracket and audible mechanical rattling.,structural_crack_loose
machine_asset_03_event_014,machine_asset_03,data\multimodal\images\machine_asset_03_event_014.png,data\multimodal\audio\machine_asset_03_event_014.wav,52.82,9.303,1484.9,10.4,144.88,71.8,Visible crack propagation on mounting bracket and audible mechanical rattling.,structural_crack_loose
machine_asset_03_event_015,machine_asset_03,data\multimodal\images\machine_asset_03_event_015.png,data\multimodal\audio\machine_asset_03_event_015.wav,55.9,7.002,1492.0,10.45,136.02,63.0,Visible crack propagation on mounting bracket and audible mechanical rattling.,structural_crack_loose
machine_asset_03_event_016,machine_asset_03,data\multimodal\images\machine_asset_03_event_016.png,data\multimodal\audio\machine_asset_03_event_016.wav,57.8,1.683,1508.7,9.31,137.5,70.1,Regular shift inspection complete. Machine operating within normal acoustic and thermal limits.,normal_state
machine_asset_03_event_017,machine_asset_03,data\multimodal\images\machine_asset_03_event_017.png,data\multimodal\audio\machine_asset_03_event_017.wav,54.61,8.114,1503.4,8.64,134.23,74.8,Visible crack propagation on mounting bracket and audible mechanical rattling.,structural_crack_loose
machine_asset_03_event_018,machine_asset_03,data\multimodal\images\machine_asset_03_event_018.png,data\multimodal\audio\machine_asset_03_event_018.wav,53.67,1.908,1485.1,10.57,135.44,67.1,Regular shift inspection complete. Machine operating within normal acoustic and thermal limits.,normal_state
machine_asset_03_event_019,machine_asset_03,data\multimodal\images\machine_asset_03_event_019.png,data\multimodal\audio\machine_asset_03_event_019.wav,56.38,1.693,1501.9,9.7,141.33,71.1,Regular shift inspection complete. Machine operating within normal acoustic and thermal limits.,normal_state
machine_asset_03_event_020,machine_asset_03,data\multimodal\images\machine_asset_03_event_020.png,data\multimodal\audio\machine_asset_03_event_020.wav,56.48,11.003,1406.9,10.81,149.42,68.2,Severe 1X rotational vibration harmonics and mild rotational speed drop under load.,rotor_unbalance
machine_asset_03_event_021,machine_asset_03,data\multimodal\images\machine_asset_03_event_021.png,data\multimodal\audio\machine_asset_03_event_021.wav,57.26,10.087,1424.8,10.26,136.86,67.3,Severe 1X rotational vibration harmonics and mild rotational speed drop under load.,rotor_unbalance
machine_asset_03_event_022,machine_asset_03,data\multimodal\images\machine_asset_03_event_022.png,data\multimodal\audio\machine_asset_03_event_022.wav,96.35,5.375,1514.1,10.26,139.53,65.7,Audible high-pitched periodic chirping from drive-end bearing. Casing hot to touch.,bearing_defect_wear
machine_asset_03_event_023,machine_asset_03,data\multimodal\images\machine_asset_03_event_023.png,data\multimodal\audio\machine_asset_03_event_023.wav,95.79,4.309,1492.4,10.89,145.14,68.8,Audible high-pitched periodic chirping from drive-end bearing. Casing hot to touch.,bearing_defect_wear
machine_asset_03_event_024,machine_asset_03,data\multimodal\images\machine_asset_03_event_024.png,data\multimodal\audio\machine_asset_03_event_024.wav,53.76,1.473,1493.1,9.8,130.98,75.4,Regular shift inspection complete. Machine operating within normal acoustic and thermal limits.,normal_state
machine_asset_04_event_000,machine_asset_04,data\multimodal\images\machine_asset_04_event_000.png,data\multimodal\audio\machine_asset_04_event_000.wav,53.41,2.26,1493.2,9.93,143.08,66.2,Regular shift inspection complete. Machine operating within normal acoustic and thermal limits.,normal_state
machine_asset_04_event_001,machine_asset_04,data\multimodal\images\machine_asset_04_event_001.png,data\multimodal\audio\machine_asset_04_event_001.wav,52.81,6.849,1497.9,10.48,144.53,69.4,Visible crack propagation on mounting bracket and audible mechanical rattling.,structural_crack_loose
machine_asset_04_event_002,machine_asset_04,data\multimodal\images\machine_asset_04_event_002.png,data\multimodal\audio\machine_asset_04_event_002.wav,56.6,1.753,1483.9,9.96,137.91,73.2,Regular shift inspection complete. Machine operating within normal acoustic and thermal limits.,normal_state
machine_asset_04_event_003,machine_asset_04,data\multimodal\images\machine_asset_04_event_003.png,data\multimodal\audio\machine_asset_04_event_003.wav,53.6,2.035,1506.9,10.45,139.67,62.6,Regular shift inspection complete. Machine operating within normal acoustic and thermal limits.,normal_state
machine_asset_04_event_004,machine_asset_04,data\multimodal\images\machine_asset_04_event_004.png,data\multimodal\audio\machine_asset_04_event_004.wav,56.61,1.642,1483.1,9.74,133.86,70.6,Regular shift inspection complete. Machine operating within normal acoustic and thermal limits.,normal_state
machine_asset_04_event_005,machine_asset_04,data\multimodal\images\machine_asset_04_event_005.png,data\multimodal\audio\machine_asset_04_event_005.wav,94.39,6.033,1503.2,11.56,131.76,68.0,Audible high-pitched periodic chirping from drive-end bearing. Casing hot to touch.,bearing_defect_wear
machine_asset_04_event_006,machine_asset_04,data\multimodal\images\machine_asset_04_event_006.png,data\multimodal\audio\machine_asset_04_event_006.wav,60.39,8.581,1459.9,10.65,147.9,75.4,Severe 1X rotational vibration harmonics and mild rotational speed drop under load.,rotor_unbalance
machine_asset_04_event_007,machine_asset_04,data\multimodal\images\machine_asset_04_event_007.png,data\multimodal\audio\machine_asset_04_event_007.wav,56.16,2.006,1500.9,10.01,143.23,73.4,Regular shift inspection complete. Machine operating within normal acoustic and thermal limits.,normal_state
machine_asset_04_event_008,machine_asset_04,data\multimodal\images\machine_asset_04_event_008.png,data\multimodal\audio\machine_asset_04_event_008.wav,59.21,1.585,1486.1,10.22,134.24,70.6,Regular shift inspection complete. Machine operating within normal acoustic and thermal limits.,normal_state
machine_asset_04_event_009,machine_asset_04,data\multimodal\images\machine_asset_04_event_009.png,data\multimodal\audio\machine_asset_04_event_009.wav,55.68,7.907,1499.1,9.91,144.29,71.1,Visible crack propagation on mounting bracket and audible mechanical rattling.,structural_crack_loose
machine_asset_04_event_010,machine_asset_04,data\multimodal\images\machine_asset_04_event_010.png,data\multimodal\audio\machine_asset_04_event_010.wav,52.9,6.72,1497.5,9.82,147.24,71.0,Visible crack propagation on mounting bracket and audible mechanical rattling.,structural_crack_loose
machine_asset_04_event_011,machine_asset_04,data\multimodal\images\machine_asset_04_event_011.png,data\multimodal\audio\machine_asset_04_event_011.wav,61.28,1.995,1508.1,9.8,43.04,61.8,Broadband hissing noise in pump suction line. Hydraulic pressure dropped severely.,hydraulic_cavitation
machine_asset_04_event_012,machine_asset_04,data\multimodal\images\machine_asset_04_event_012.png,data\multimodal\audio\machine_asset_04_event_012.wav,53.86,1.397,1488.0,9.8,54.27,73.0,Broadband hissing noise in pump suction line. Hydraulic pressure dropped severely.,hydraulic_cavitation
machine_asset_04_event_013,machine_asset_04,data\multimodal\images\machine_asset_04_event_013.png,data\multimodal\audio\machine_asset_04_event_013.wav,57.18,9.848,1431.4,9.64,137.68,78.2,Severe 1X rotational vibration harmonics and mild rotational speed drop under load.,rotor_unbalance
machine_asset_04_event_014,machine_asset_04,data\multimodal\images\machine_asset_04_event_014.png,data\multimodal\audio\machine_asset_04_event_014.wav,58.82,9.374,1503.4,8.91,149.76,72.9,Visible crack propagation on mounting bracket and audible mechanical rattling.,structural_crack_loose
machine_asset_04_event_015,machine_asset_04,data\multimodal\images\machine_asset_04_event_015.png,data\multimodal\audio\machine_asset_04_event_015.wav,52.54,1.836,1483.6,10.27,141.72,67.4,Regular shift inspection complete. Machine operating within normal acoustic and thermal limits.,normal_state
machine_asset_04_event_016,machine_asset_04,data\multimodal\images\machine_asset_04_event_016.png,data\multimodal\audio\machine_asset_04_event_016.wav,48.58,1.843,1497.2,8.81,39.07,72.0,Broadband hissing noise in pump suction line. Hydraulic pressure dropped severely.,hydraulic_cavitation
machine_asset_04_event_017,machine_asset_04,data\multimodal\images\machine_asset_04_event_017.png,data\multimodal\audio\machine_asset_04_event_017.wav,96.79,6.029,1493.8,10.58,141.51,74.8,Audible high-pitched periodic chirping from drive-end bearing. Casing hot to touch.,bearing_defect_wear
machine_asset_04_event_018,machine_asset_04,data\multimodal\images\machine_asset_04_event_018.png,data\multimodal\audio\machine_asset_04_event_018.wav,54.08,6.44,1484.9,11.51,135.65,69.1,Visible crack propagation on mounting bracket and audible mechanical rattling.,structural_crack_loose
machine_asset_04_event_019,machine_asset_04,data\multimodal\images\machine_asset_04_event_019.png,data\multimodal\audio\machine_asset_04_event_019.wav,57.88,1.948,1496.8,10.99,56.59,71.8,Broadband hissing noise in pump suction line. Hydraulic pressure dropped severely.,hydraulic_cavitation
machine_asset_04_event_020,machine_asset_04,data\multimodal\images\machine_asset_04_event_020.png,data\multimodal\audio\machine_asset_04_event_020.wav,57.68,1.153,1507.9,10.08,137.21,74.8,Regular shift inspection complete. Machine operating within normal acoustic and thermal limits.,normal_state
machine_asset_04_event_021,machine_asset_04,data\multimodal\images\machine_asset_04_event_021.png,data\multimodal\audio\machine_asset_04_event_021.wav,54.75,2.399,1499.8,10.33,136.11,69.5,Regular shift inspection complete. Machine operating within normal acoustic and thermal limits.,normal_state
machine_asset_04_event_022,machine_asset_04,data\multimodal\images\machine_asset_04_event_022.png,data\multimodal\audio\machine_asset_04_event_022.wav,101.49,6.084,1497.8,9.19,142.47,64.0,Audible high-pitched periodic chirping from drive-end bearing. Casing hot to touch.,bearing_defect_wear
machine_asset_04_event_023,machine_asset_04,data\multimodal\images\machine_asset_04_event_023.png,data\multimodal\audio\machine_asset_04_event_023.wav,54.4,6.549,1500.9,9.86,143.69,73.1,Visible crack propagation on mounting bracket and audible mechanical rattling.,structural_crack_loose
machine_asset_04_event_024,machine_asset_04,data\multimodal\images\machine_asset_04_event_024.png,data\multimodal\audio\machine_asset_04_event_024.wav,90.06,6.25,1458.5,10.15,139.75,66.9,Audible high-pitched periodic chirping from drive-end bearing. Casing hot to touch.,bearing_defect_wear
machine_asset_05_event_000,machine_asset_05,data\multimodal\images\machine_asset_05_event_000.png,data\multimodal\audio\machine_asset_05_event_000.wav,53.58,9.955,1390.8,10.48,134.21,70.8,Severe 1X rotational vibration harmonics and mild rotational speed drop under load.,rotor_unbalance
machine_asset_05_event_001,machine_asset_05,data\multimodal\images\machine_asset_05_event_001.png,data\multimodal\audio\machine_asset_05_event_001.wav,52.23,9.334,1485.5,11.46,142.67,66.3,Visible crack propagation on mounting bracket and audible mechanical rattling.,structural_crack_loose
machine_asset_05_event_002,machine_asset_05,data\multimodal\images\machine_asset_05_event_002.png,data\multimodal\audio\machine_asset_05_event_002.wav,54.05,1.862,1474.7,10.69,142.61,67.5,Regular shift inspection complete. Machine operating within normal acoustic and thermal limits.,normal_state
machine_asset_05_event_003,machine_asset_05,data\multimodal\images\machine_asset_05_event_003.png,data\multimodal\audio\machine_asset_05_event_003.wav,53.52,11.505,1388.8,9.11,134.23,71.6,Severe 1X rotational vibration harmonics and mild rotational speed drop under load.,rotor_unbalance
machine_asset_05_event_004,machine_asset_05,data\multimodal\images\machine_asset_05_event_004.png,data\multimodal\audio\machine_asset_05_event_004.wav,55.32,10.744,1387.7,9.37,140.09,74.1,Severe 1X rotational vibration harmonics and mild rotational speed drop under load.,rotor_unbalance
machine_asset_05_event_005,machine_asset_05,data\multimodal\images\machine_asset_05_event_005.png,data\multimodal\audio\machine_asset_05_event_005.wav,105.11,6.292,1477.0,8.38,136.22,63.9,Audible high-pitched periodic chirping from drive-end bearing. Casing hot to touch.,bearing_defect_wear
machine_asset_05_event_006,machine_asset_05,data\multimodal\images\machine_asset_05_event_006.png,data\multimodal\audio\machine_asset_05_event_006.wav,56.02,6.52,1485.3,11.16,137.36,64.4,Visible crack propagation on mounting bracket and audible mechanical rattling.,structural_crack_loose
machine_asset_05_event_007,machine_asset_05,data\multimodal\images\machine_asset_05_event_007.png,data\multimodal\audio\machine_asset_05_event_007.wav,52.42,7.077,1486.6,10.84,139.09,66.1,Visible crack propagation on mounting bracket and audible mechanical rattling.,structural_crack_loose
machine_asset_05_event_008,machine_asset_05,data\multimodal\images\machine_asset_05_event_008.png,data\multimodal\audio\machine_asset_05_event_008.wav,56.75,9.093,1418.4,9.34,138.76,76.9,Severe 1X rotational vibration harmonics and mild rotational speed drop under load.,rotor_unbalance
machine_asset_05_event_009,machine_asset_05,data\multimodal\images\machine_asset_05_event_009.png,data\multimodal\audio\machine_asset_05_event_009.wav,87.55,5.547,1493.3,9.64,138.21,66.1,Audible high-pitched periodic chirping from drive-end bearing. Casing hot to touch.,bearing_defect_wear
machine_asset_05_event_010,machine_asset_05,data\multimodal\images\machine_asset_05_event_010.png,data\multimodal\audio\machine_asset_05_event_010.wav,51.71,11.618,1410.5,9.39,142.42,68.5,Severe 1X rotational vibration harmonics and mild rotational speed drop under load.,rotor_unbalance
machine_asset_05_event_011,machine_asset_05,data\multimodal\images\machine_asset_05_event_011.png,data\multimodal\audio\machine_asset_05_event_011.wav,53.21,6.976,1480.9,10.9,135.52,76.0,Visible crack propagation on mounting bracket and audible mechanical rattling.,structural_crack_loose
machine_asset_05_event_012,machine_asset_05,data\multimodal\images\machine_asset_05_event_012.png,data\multimodal\audio\machine_asset_05_event_012.wav,54.58,9.263,1510.9,10.85,141.25,76.3,Visible crack propagation on mounting bracket and audible mechanical rattling.,structural_crack_loose
machine_asset_05_event_013,machine_asset_05,data\multimodal\images\machine_asset_05_event_013.png,data\multimodal\audio\machine_asset_05_event_013.wav,101.43,6.418,1503.0,10.53,145.15,65.6,Audible high-pitched periodic chirping from drive-end bearing. Casing hot to touch.,bearing_defect_wear
machine_asset_05_event_014,machine_asset_05,data\multimodal\images\machine_asset_05_event_014.png,data\multimodal\audio\machine_asset_05_event_014.wav,51.83,1.901,1492.4,10.43,138.75,65.3,Regular shift inspection complete. Machine operating within normal acoustic and thermal limits.,normal_state
machine_asset_05_event_015,machine_asset_05,data\multimodal\images\machine_asset_05_event_015.png,data\multimodal\audio\machine_asset_05_event_015.wav,52.62,1.698,1492.7,9.61,139.47,77.9,Regular shift inspection complete. Machine operating within normal acoustic and thermal limits.,normal_state
machine_asset_05_event_016,machine_asset_05,data\multimodal\images\machine_asset_05_event_016.png,data\multimodal\audio\machine_asset_05_event_016.wav,49.26,1.916,1482.4,10.83,48.98,72.7,Broadband hissing noise in pump suction line. Hydraulic pressure dropped severely.,hydraulic_cavitation
machine_asset_05_event_017,machine_asset_05,data\multimodal\images\machine_asset_05_event_017.png,data\multimodal\audio\machine_asset_05_event_017.wav,58.27,11.06,1398.8,9.27,133.28,64.1,Severe 1X rotational vibration harmonics and mild rotational speed drop under load.,rotor_unbalance
machine_asset_05_event_018,machine_asset_05,data\multimodal\images\machine_asset_05_event_018.png,data\multimodal\audio\machine_asset_05_event_018.wav,53.77,1.748,1512.1,10.76,130.4,75.6,Regular shift inspection complete. Machine operating within normal acoustic and thermal limits.,normal_state
machine_asset_05_event_019,machine_asset_05,data\multimodal\images\machine_asset_05_event_019.png,data\multimodal\audio\machine_asset_05_event_019.wav,49.99,1.519,1492.8,10.67,145.38,73.1,Regular shift inspection complete. Machine operating within normal acoustic and thermal limits.,normal_state
machine_asset_05_event_020,machine_asset_05,data\multimodal\images\machine_asset_05_event_020.png,data\multimodal\audio\machine_asset_05_event_020.wav,52.62,6.602,1476.3,10.49,143.77,67.2,Visible crack propagation on mounting bracket and audible mechanical rattling.,structural_crack_loose
machine_asset_05_event_021,machine_asset_05,data\multimodal\images\machine_asset_05_event_021.png,data\multimodal\audio\machine_asset_05_event_021.wav,54.59,12.031,1443.8,9.74,134.2,68.7,Severe 1X rotational vibration harmonics and mild rotational speed drop under load.,rotor_unbalance
machine_asset_05_event_022,machine_asset_05,data\multimodal\images\machine_asset_05_event_022.png,data\multimodal\audio\machine_asset_05_event_022.wav,54.31,10.679,1449.0,9.77,137.7,68.9,Severe 1X rotational vibration harmonics and mild rotational speed drop under load.,rotor_unbalance
machine_asset_05_event_023,machine_asset_05,data\multimodal\images\machine_asset_05_event_023.png,data\multimodal\audio\machine_asset_05_event_023.wav,57.6,1.223,1485.2,10.64,42.77,69.5,Broadband hissing noise in pump suction line. Hydraulic pressure dropped severely.,hydraulic_cavitation
machine_asset_05_event_024,machine_asset_05,data\multimodal\images\machine_asset_05_event_024.png,data\multimodal\audio\machine_asset_05_event_024.wav,54.97,9.363,1502.7,10.72,134.47,70.4,Visible crack propagation on mounting bracket and audible mechanical rattling.,structural_crack_loose
machine_asset_06_event_000,machine_asset_06,data\multimodal\images\machine_asset_06_event_000.png,data\multimodal\audio\machine_asset_06_event_000.wav,54.21,1.928,1496.6,10.22,139.8,61.2,Regular shift inspection complete. Machine operating within normal acoustic and thermal limits.,normal_state
machine_asset_06_event_001,machine_asset_06,data\multimodal\images\machine_asset_06_event_001.png,data\multimodal\audio\machine_asset_06_event_001.wav,54.39,6.94,1481.9,9.25,138.81,65.2,Visible crack propagation on mounting bracket and audible mechanical rattling.,structural_crack_loose
machine_asset_06_event_002,machine_asset_06,data\multimodal\images\machine_asset_06_event_002.png,data\multimodal\audio\machine_asset_06_event_002.wav,57.02,7.042,1485.1,10.55,131.83,64.9,Visible crack propagation on mounting bracket and audible mechanical rattling.,structural_crack_loose
machine_asset_06_event_003,machine_asset_06,data\multimodal\images\machine_asset_06_event_003.png,data\multimodal\audio\machine_asset_06_event_003.wav,103.08,4.772,1509.4,9.3,140.03,60.5,Audible high-pitched periodic chirping from drive-end bearing. Casing hot to touch.,bearing_defect_wear
machine_asset_06_event_004,machine_asset_06,data\multimodal\images\machine_asset_06_event_004.png,data\multimodal\audio\machine_asset_06_event_004.wav,48.15,6.675,1507.2,10.18,135.8,74.7,Visible crack propagation on mounting bracket and audible mechanical rattling.,structural_crack_loose
machine_asset_06_event_005,machine_asset_06,data\multimodal\images\machine_asset_06_event_005.png,data\multimodal\audio\machine_asset_06_event_005.wav,52.35,2.238,1495.1,10.72,145.99,68.6,Regular shift inspection complete. Machine operating within normal acoustic and thermal limits.,normal_state
machine_asset_06_event_006,machine_asset_06,data\multimodal\images\machine_asset_06_event_006.png,data\multimodal\audio\machine_asset_06_event_006.wav,57.28,1.849,1497.5,11.01,133.95,68.6,Regular shift inspection complete. Machine operating within normal acoustic and thermal limits.,normal_state
machine_asset_06_event_007,machine_asset_06,data\multimodal\images\machine_asset_06_event_007.png,data\multimodal\audio\machine_asset_06_event_007.wav,56.46,1.995,1489.1,10.15,46.15,69.5,Broadband hissing noise in pump suction line. Hydraulic pressure dropped severely.,hydraulic_cavitation
machine_asset_06_event_008,machine_asset_06,data\multimodal\images\machine_asset_06_event_008.png,data\multimodal\audio\machine_asset_06_event_008.wav,52.83,11.117,1440.8,11.48,134.55,72.5,Severe 1X rotational vibration harmonics and mild rotational speed drop under load.,rotor_unbalance
machine_asset_06_event_009,machine_asset_06,data\multimodal\images\machine_asset_06_event_009.png,data\multimodal\audio\machine_asset_06_event_009.wav,51.1,1.404,1487.7,11.28,135.27,69.9,Regular shift inspection complete. Machine operating within normal acoustic and thermal limits.,normal_state
machine_asset_06_event_010,machine_asset_06,data\multimodal\images\machine_asset_06_event_010.png,data\multimodal\audio\machine_asset_06_event_010.wav,52.94,10.823,1446.1,9.77,139.31,80.3,Severe 1X rotational vibration harmonics and mild rotational speed drop under load.,rotor_unbalance
machine_asset_06_event_011,machine_asset_06,data\multimodal\images\machine_asset_06_event_011.png,data\multimodal\audio\machine_asset_06_event_011.wav,60.41,7.327,1501.8,9.79,140.03,60.6,Visible crack propagation on mounting bracket and audible mechanical rattling.,structural_crack_loose
machine_asset_06_event_012,machine_asset_06,data\multimodal\images\machine_asset_06_event_012.png,data\multimodal\audio\machine_asset_06_event_012.wav,54.89,2.146,1498.3,10.51,140.72,67.0,Regular shift inspection complete. Machine operating within normal acoustic and thermal limits.,normal_state
machine_asset_06_event_013,machine_asset_06,data\multimodal\images\machine_asset_06_event_013.png,data\multimodal\audio\machine_asset_06_event_013.wav,56.01,2.452,1506.2,11.1,52.63,68.9,Broadband hissing noise in pump suction line. Hydraulic pressure dropped severely.,hydraulic_cavitation
machine_asset_06_event_014,machine_asset_06,data\multimodal\images\machine_asset_06_event_014.png,data\multimodal\audio\machine_asset_06_event_014.wav,105.69,6.524,1478.2,9.75,137.59,65.6,Audible high-pitched periodic chirping from drive-end bearing. Casing hot to touch.,bearing_defect_wear
machine_asset_06_event_015,machine_asset_06,data\multimodal\images\machine_asset_06_event_015.png,data\multimodal\audio\machine_asset_06_event_015.wav,62.01,1.438,1505.1,9.66,139.48,75.3,Regular shift inspection complete. Machine operating within normal acoustic and thermal limits.,normal_state
machine_asset_06_event_016,machine_asset_06,data\multimodal\images\machine_asset_06_event_016.png,data\multimodal\audio\machine_asset_06_event_016.wav,58.56,10.289,1435.0,10.66,125.19,60.2,Severe 1X rotational vibration harmonics and mild rotational speed drop under load.,rotor_unbalance
machine_asset_06_event_017,machine_asset_06,data\multimodal\images\machine_asset_06_event_017.png,data\multimodal\audio\machine_asset_06_event_017.wav,53.4,1.917,1488.7,10.09,57.05,69.2,Broadband hissing noise in pump suction line. Hydraulic pressure dropped severely.,hydraulic_cavitation
machine_asset_06_event_018,machine_asset_06,data\multimodal\images\machine_asset_06_event_018.png,data\multimodal\audio\machine_asset_06_event_018.wav,51.77,8.834,1431.4,11.47,140.23,72.4,Severe 1X rotational vibration harmonics and mild rotational speed drop under load.,rotor_unbalance
machine_asset_06_event_019,machine_asset_06,data\multimodal\images\machine_asset_06_event_019.png,data\multimodal\audio\machine_asset_06_event_019.wav,60.19,1.862,1519.9,11.49,137.41,65.1,Regular shift inspection complete. Machine operating within normal acoustic and thermal limits.,normal_state
machine_asset_06_event_020,machine_asset_06,data\multimodal\images\machine_asset_06_event_020.png,data\multimodal\audio\machine_asset_06_event_020.wav,57.78,1.826,1499.1,9.65,137.93,63.5,Regular shift inspection complete. Machine operating within normal acoustic and thermal limits.,normal_state
machine_asset_06_event_021,machine_asset_06,data\multimodal\images\machine_asset_06_event_021.png,data\multimodal\audio\machine_asset_06_event_021.wav,55.59,1.986,1496.3,10.06,43.79,73.2,Broadband hissing noise in pump suction line. Hydraulic pressure dropped severely.,hydraulic_cavitation
machine_asset_06_event_022,machine_asset_06,data\multimodal\images\machine_asset_06_event_022.png,data\multimodal\audio\machine_asset_06_event_022.wav,55.36,2.212,1497.2,10.37,145.51,76.3,Regular shift inspection complete. Machine operating within normal acoustic and thermal limits.,normal_state
machine_asset_06_event_023,machine_asset_06,data\multimodal\images\machine_asset_06_event_023.png,data\multimodal\audio\machine_asset_06_event_023.wav,103.53,5.232,1508.5,9.65,146.78,70.2,Audible high-pitched periodic chirping from drive-end bearing. Casing hot to touch.,bearing_defect_wear
machine_asset_06_event_024,machine_asset_06,data\multimodal\images\machine_asset_06_event_024.png,data\multimodal\audio\machine_asset_06_event_024.wav,56.25,1.378,1487.9,10.16,139.93,76.8,Regular shift inspection complete. Machine operating within normal acoustic and thermal limits.,normal_state
machine_asset_07_event_000,machine_asset_07,data\multimodal\images\machine_asset_07_event_000.png,data\multimodal\audio\machine_asset_07_event_000.wav,96.55,4.853,1489.3,10.64,133.61,62.1,Audible high-pitched periodic chirping from drive-end bearing. Casing hot to touch.,bearing_defect_wear
machine_asset_07_event_001,machine_asset_07,data\multimodal\images\machine_asset_07_event_001.png,data\multimodal\audio\machine_asset_07_event_001.wav,60.64,1.224,1490.5,10.53,129.8,68.7,Regular shift inspection complete. Machine operating within normal acoustic and thermal limits.,normal_state
machine_asset_07_event_002,machine_asset_07,data\multimodal\images\machine_asset_07_event_002.png,data\multimodal\audio\machine_asset_07_event_002.wav,58.65,1.696,1480.7,9.57,42.76,72.3,Broadband hissing noise in pump suction line. Hydraulic pressure dropped severely.,hydraulic_cavitation
machine_asset_07_event_003,machine_asset_07,data\multimodal\images\machine_asset_07_event_003.png,data\multimodal\audio\machine_asset_07_event_003.wav,57.52,1.77,1490.5,10.48,143.48,64.2,Regular shift inspection complete. Machine operating within normal acoustic and thermal limits.,normal_state
machine_asset_07_event_004,machine_asset_07,data\multimodal\images\machine_asset_07_event_004.png,data\multimodal\audio\machine_asset_07_event_004.wav,54.22,1.37,1490.7,9.95,47.88,69.8,Broadband hissing noise in pump suction line. Hydraulic pressure dropped severely.,hydraulic_cavitation
machine_asset_07_event_005,machine_asset_07,data\multimodal\images\machine_asset_07_event_005.png,data\multimodal\audio\machine_asset_07_event_005.wav,102.44,4.804,1472.2,10.96,139.93,76.3,Audible high-pitched periodic chirping from drive-end bearing. Casing hot to touch.,bearing_defect_wear
machine_asset_07_event_006,machine_asset_07,data\multimodal\images\machine_asset_07_event_006.png,data\multimodal\audio\machine_asset_07_event_006.wav,55.97,8.263,1495.3,10.57,143.89,63.3,Visible crack propagation on mounting bracket and audible mechanical rattling.,structural_crack_loose
machine_asset_07_event_007,machine_asset_07,data\multimodal\images\machine_asset_07_event_007.png,data\multimodal\audio\machine_asset_07_event_007.wav,109.44,4.903,1505.5,9.77,133.21,70.1,Audible high-pitched periodic chirping from drive-end bearing. Casing hot to touch.,bearing_defect_wear
machine_asset_07_event_008,machine_asset_07,data\multimodal\images\machine_asset_07_event_008.png,data\multimodal\audio\machine_asset_07_event_008.wav,96.91,5.497,1512.1,9.75,144.24,65.5,Audible high-pitched periodic chirping from drive-end bearing. Casing hot to touch.,bearing_defect_wear
machine_asset_07_event_009,machine_asset_07,data\multimodal\images\machine_asset_07_event_009.png,data\multimodal\audio\machine_asset_07_event_009.wav,49.78,2.276,1499.6,10.48,133.51,68.3,Regular shift inspection complete. Machine operating within normal acoustic and thermal limits.,normal_state
machine_asset_07_event_010,machine_asset_07,data\multimodal\images\machine_asset_07_event_010.png,data\multimodal\audio\machine_asset_07_event_010.wav,58.82,8.926,1497.8,9.64,141.57,60.8,Visible crack propagation on mounting bracket and audible mechanical rattling.,structural_crack_loose
machine_asset_07_event_011,machine_asset_07,data\multimodal\images\machine_asset_07_event_011.png,data\multimodal\audio\machine_asset_07_event_011.wav,54.7,1.683,1482.0,9.83,141.5,71.5,Regular shift inspection complete. Machine operating within normal acoustic and thermal limits.,normal_state
machine_asset_07_event_012,machine_asset_07,data\multimodal\images\machine_asset_07_event_012.png,data\multimodal\audio\machine_asset_07_event_012.wav,55.5,10.093,1441.5,11.08,144.35,73.8,Severe 1X rotational vibration harmonics and mild rotational speed drop under load.,rotor_unbalance
machine_asset_07_event_013,machine_asset_07,data\multimodal\images\machine_asset_07_event_013.png,data\multimodal\audio\machine_asset_07_event_013.wav,53.42,1.761,1502.2,10.75,150.78,70.8,Regular shift inspection complete. Machine operating within normal acoustic and thermal limits.,normal_state
machine_asset_07_event_014,machine_asset_07,data\multimodal\images\machine_asset_07_event_014.png,data\multimodal\audio\machine_asset_07_event_014.wav,56.5,1.294,1492.3,10.61,145.08,58.3,Regular shift inspection complete. Machine operating within normal acoustic and thermal limits.,normal_state
machine_asset_07_event_015,machine_asset_07,data\multimodal\images\machine_asset_07_event_015.png,data\multimodal\audio\machine_asset_07_event_015.wav,54.06,1.901,1473.3,9.59,137.01,74.7,Regular shift inspection complete. Machine operating within normal acoustic and thermal limits.,normal_state
machine_asset_07_event_016,machine_asset_07,data\multimodal\images\machine_asset_07_event_016.png,data\multimodal\audio\machine_asset_07_event_016.wav,106.71,4.765,1503.0,10.96,145.17,74.2,Audible high-pitched periodic chirping from drive-end bearing. Casing hot to touch.,bearing_defect_wear
machine_asset_07_event_017,machine_asset_07,data\multimodal\images\machine_asset_07_event_017.png,data\multimodal\audio\machine_asset_07_event_017.wav,48.01,7.67,1488.2,8.88,142.38,61.3,Visible crack propagation on mounting bracket and audible mechanical rattling.,structural_crack_loose
machine_asset_07_event_018,machine_asset_07,data\multimodal\images\machine_asset_07_event_018.png,data\multimodal\audio\machine_asset_07_event_018.wav,56.64,9.309,1504.9,10.93,137.55,69.8,Visible crack propagation on mounting bracket and audible mechanical rattling.,structural_crack_loose
machine_asset_07_event_019,machine_asset_07,data\multimodal\images\machine_asset_07_event_019.png,data\multimodal\audio\machine_asset_07_event_019.wav,63.24,2.072,1482.9,9.3,145.91,64.1,Regular shift inspection complete. Machine operating within normal acoustic and thermal limits.,normal_state
machine_asset_07_event_020,machine_asset_07,data\multimodal\images\machine_asset_07_event_020.png,data\multimodal\audio\machine_asset_07_event_020.wav,53.02,9.461,1422.1,9.83,139.72,76.3,Severe 1X rotational vibration harmonics and mild rotational speed drop under load.,rotor_unbalance
machine_asset_07_event_021,machine_asset_07,data\multimodal\images\machine_asset_07_event_021.png,data\multimodal\audio\machine_asset_07_event_021.wav,54.11,9.233,1492.3,11.0,145.61,70.9,Visible crack propagation on mounting bracket and audible mechanical rattling.,structural_crack_loose
machine_asset_07_event_022,machine_asset_07,data\multimodal\images\machine_asset_07_event_022.png,data\multimodal\audio\machine_asset_07_event_022.wav,65.83,1.632,1499.5,9.85,142.67,73.9,Regular shift inspection complete. Machine operating within normal acoustic and thermal limits.,normal_state
machine_asset_07_event_023,machine_asset_07,data\multimodal\images\machine_asset_07_event_023.png,data\multimodal\audio\machine_asset_07_event_023.wav,49.22,8.443,1481.5,10.39,144.93,71.7,Visible crack propagation on mounting bracket and audible mechanical rattling.,structural_crack_loose
machine_asset_07_event_024,machine_asset_07,data\multimodal\images\machine_asset_07_event_024.png,data\multimodal\audio\machine_asset_07_event_024.wav,57.78,1.712,1513.2,8.8,138.84,69.5,Regular shift inspection complete. Machine operating within normal acoustic and thermal limits.,normal_state
machine_asset_08_event_000,machine_asset_08,data\multimodal\images\machine_asset_08_event_000.png,data\multimodal\audio\machine_asset_08_event_000.wav,102.19,5.655,1498.4,10.18,143.24,73.6,Audible high-pitched periodic chirping from drive-end bearing. Casing hot to touch.,bearing_defect_wear
machine_asset_08_event_001,machine_asset_08,data\multimodal\images\machine_asset_08_event_001.png,data\multimodal\audio\machine_asset_08_event_001.wav,52.19,1.276,1490.0,9.71,38.0,68.2,Broadband hissing noise in pump suction line. Hydraulic pressure dropped severely.,hydraulic_cavitation
machine_asset_08_event_002,machine_asset_08,data\multimodal\images\machine_asset_08_event_002.png,data\multimodal\audio\machine_asset_08_event_002.wav,94.99,4.381,1497.5,9.6,138.54,73.6,Audible high-pitched periodic chirping from drive-end bearing. Casing hot to touch.,bearing_defect_wear
machine_asset_08_event_003,machine_asset_08,data\multimodal\images\machine_asset_08_event_003.png,data\multimodal\audio\machine_asset_08_event_003.wav,54.65,1.849,1498.5,9.86,130.08,71.6,Regular shift inspection complete. Machine operating within normal acoustic and thermal limits.,normal_state
machine_asset_08_event_004,machine_asset_08,data\multimodal\images\machine_asset_08_event_004.png,data\multimodal\audio\machine_asset_08_event_004.wav,95.72,5.058,1496.7,10.75,126.39,72.8,Audible high-pitched periodic chirping from drive-end bearing. Casing hot to touch.,bearing_defect_wear
machine_asset_08_event_005,machine_asset_08,data\multimodal\images\machine_asset_08_event_005.png,data\multimodal\audio\machine_asset_08_event_005.wav,54.74,2.118,1489.0,9.39,49.98,63.8,Broadband hissing noise in pump suction line. Hydraulic pressure dropped severely.,hydraulic_cavitation
machine_asset_08_event_006,machine_asset_08,data\multimodal\images\machine_asset_08_event_006.png,data\multimodal\audio\machine_asset_08_event_006.wav,99.41,5.016,1510.3,10.24,130.19,71.3,Audible high-pitched periodic chirping from drive-end bearing. Casing hot to touch.,bearing_defect_wear
machine_asset_08_event_007,machine_asset_08,data\multimodal\images\machine_asset_08_event_007.png,data\multimodal\audio\machine_asset_08_event_007.wav,57.01,1.404,1481.0,10.58,33.37,70.2,Broadband hissing noise in pump suction line. Hydraulic pressure dropped severely.,hydraulic_cavitation
machine_asset_08_event_008,machine_asset_08,data\multimodal\images\machine_asset_08_event_008.png,data\multimodal\audio\machine_asset_08_event_008.wav,99.15,5.615,1503.0,10.67,136.6,67.0,Audible high-pitched periodic chirping from drive-end bearing. Casing hot to touch.,bearing_defect_wear
machine_asset_08_event_009,machine_asset_08,data\multimodal\images\machine_asset_08_event_009.png,data\multimodal\audio\machine_asset_08_event_009.wav,53.22,1.461,1479.2,9.28,144.56,70.4,Regular shift inspection complete. Machine operating within normal acoustic and thermal limits.,normal_state
machine_asset_08_event_010,machine_asset_08,data\multimodal\images\machine_asset_08_event_010.png,data\multimodal\audio\machine_asset_08_event_010.wav,57.12,8.253,1492.5,9.82,142.64,65.2,Visible crack propagation on mounting bracket and audible mechanical rattling.,structural_crack_loose
machine_asset_08_event_011,machine_asset_08,data\multimodal\images\machine_asset_08_event_011.png,data\multimodal\audio\machine_asset_08_event_011.wav,93.81,4.933,1494.9,10.54,139.06,72.1,Audible high-pitched periodic chirping from drive-end bearing. Casing hot to touch.,bearing_defect_wear
machine_asset_08_event_012,machine_asset_08,data\multimodal\images\machine_asset_08_event_012.png,data\multimodal\audio\machine_asset_08_event_012.wav,56.34,2.3,1498.9,9.19,142.36,67.2,Regular shift inspection complete. Machine operating within normal acoustic and thermal limits.,normal_state
machine_asset_08_event_013,machine_asset_08,data\multimodal\images\machine_asset_08_event_013.png,data\multimodal\audio\machine_asset_08_event_013.wav,99.89,6.26,1488.7,10.69,142.23,74.5,Audible high-pitched periodic chirping from drive-end bearing. Casing hot to touch.,bearing_defect_wear
machine_asset_08_event_014,machine_asset_08,data\multimodal\images\machine_asset_08_event_014.png,data\multimodal\audio\machine_asset_08_event_014.wav,95.02,5.66,1483.9,10.16,143.58,76.2,Audible high-pitched periodic chirping from drive-end bearing. Casing hot to touch.,bearing_defect_wear
machine_asset_08_event_015,machine_asset_08,data\multimodal\images\machine_asset_08_event_015.png,data\multimodal\audio\machine_asset_08_event_015.wav,56.15,10.691,1420.8,10.22,141.31,66.3,Severe 1X rotational vibration harmonics and mild rotational speed drop under load.,rotor_unbalance
machine_asset_08_event_016,machine_asset_08,data\multimodal\images\machine_asset_08_event_016.png,data\multimodal\audio\machine_asset_08_event_016.wav,56.8,8.67,1396.5,11.01,145.26,64.0,Severe 1X rotational vibration harmonics and mild rotational speed drop under load.,rotor_unbalance
machine_asset_08_event_017,machine_asset_08,data\multimodal\images\machine_asset_08_event_017.png,data\multimodal\audio\machine_asset_08_event_017.wav,95.8,6.453,1501.6,9.88,143.67,78.3,Audible high-pitched periodic chirping from drive-end bearing. Casing hot to touch.,bearing_defect_wear
machine_asset_08_event_018,machine_asset_08,data\multimodal\images\machine_asset_08_event_018.png,data\multimodal\audio\machine_asset_08_event_018.wav,51.83,1.825,1485.7,9.94,136.54,72.8,Regular shift inspection complete. Machine operating within normal acoustic and thermal limits.,normal_state
machine_asset_08_event_019,machine_asset_08,data\multimodal\images\machine_asset_08_event_019.png,data\multimodal\audio\machine_asset_08_event_019.wav,55.69,10.67,1389.0,10.23,145.69,64.3,Severe 1X rotational vibration harmonics and mild rotational speed drop under load.,rotor_unbalance
machine_asset_08_event_020,machine_asset_08,data\multimodal\images\machine_asset_08_event_020.png,data\multimodal\audio\machine_asset_08_event_020.wav,52.47,7.646,1492.7,10.3,141.59,70.1,Visible crack propagation on mounting bracket and audible mechanical rattling.,structural_crack_loose
machine_asset_08_event_021,machine_asset_08,data\multimodal\images\machine_asset_08_event_021.png,data\multimodal\audio\machine_asset_08_event_021.wav,56.18,2.117,1503.7,10.23,134.42,78.3,Regular shift inspection complete. Machine operating within normal acoustic and thermal limits.,normal_state
machine_asset_08_event_022,machine_asset_08,data\multimodal\images\machine_asset_08_event_022.png,data\multimodal\audio\machine_asset_08_event_022.wav,52.5,1.499,1481.7,9.87,141.53,62.0,Regular shift inspection complete. Machine operating within normal acoustic and thermal limits.,normal_state
machine_asset_08_event_023,machine_asset_08,data\multimodal\images\machine_asset_08_event_023.png,data\multimodal\audio\machine_asset_08_event_023.wav,95.11,5.669,1473.0,10.51,147.85,62.5,Audible high-pitched periodic chirping from drive-end bearing. Casing hot to touch.,bearing_defect_wear
machine_asset_08_event_024,machine_asset_08,data\multimodal\images\machine_asset_08_event_024.png,data\multimodal\audio\machine_asset_08_event_024.wav,60.27,1.748,1501.3,9.86,50.59,77.8,Broadband hissing noise in pump suction line. Hydraulic pressure dropped severely.,hydraulic_cavitation
