timestamp,machine_id,temperature_c,vibration_rms_g,rotational_speed_rpm,motor_current_a,hydraulic_pressure_bar,load_percentage,fault_label
2026-09-01 08:00:00,pump_unit_01,51.36,2.025,1509.1,8.64,56.44,46.8,hydraulic_pressure_loss
2026-09-01 08:15:00,pump_unit_01,99.17,4.693,1496.0,11.1,142.34,62.8,bearing_overheat_wear
2026-09-01 08:30:00,pump_unit_01,54.83,1.745,1484.8,11.18,32.79,38.4,hydraulic_pressure_loss
2026-09-01 08:45:00,pump_unit_01,56.44,1.929,1527.1,9.87,137.44,63.1,normal
2026-09-01 09:00:00,pump_unit_01,105.6,6.016,1482.4,9.54,143.25,72.5,bearing_overheat_wear
2026-09-01 09:15:00,pump_unit_01,52.67,1.87,1496.8,10.37,144.36,69.3,normal
2026-09-01 09:30:00,pump_unit_01,55.24,1.887,1504.5,9.03,138.4,65.2,normal
2026-09-01 09:45:00,pump_unit_01,54.04,9.97,1393.3,10.97,131.59,66.0,rotor_unbalance
2026-09-01 10:00:00,pump_unit_01,57.78,8.014,1434.0,10.89,139.04,60.3,rotor_unbalance
2026-09-01 10:15:00,pump_unit_01,55.5,2.007,1488.6,10.33,143.13,66.1,normal
2026-09-01 10:30:00,pump_unit_01,52.68,1.691,1489.3,9.24,45.04,42.9,hydraulic_pressure_loss
2026-09-01 10:45:00,pump_unit_01,57.33,7.683,1371.3,10.14,131.56,59.3,rotor_unbalance
2026-09-01 11:00:00,pump_unit_01,67.79,1.687,1514.5,22.09,143.69,62.4,electrical_overcurrent
2026-09-01 11:15:00,pump_unit_01,80.14,1.282,1501.5,26.46,137.03,59.3,electrical_overcurrent
2026-09-01 11:30:00,pump_unit_01,94.96,5.605,1491.4,9.38,140.9,69.3,bearing_overheat_wear
2026-09-01 11:45:00,pump_unit_01,60.12,1.443,1485.4,9.46,138.05,59.7,normal
2026-09-01 12:00:00,pump_unit_01,54.22,8.576,1364.1,10.45,144.19,80.0,rotor_unbalance
2026-09-01 12:15:00,pump_unit_01,47.54,10.272,1370.1,9.87,136.94,67.2,rotor_unbalance
2026-09-01 12:30:00,pump_unit_01,51.38,1.298,1487.7,10.16,148.84,68.8,normal
2026-09-01 12:45:00,pump_unit_01,53.25,1.445,1480.5,9.62,150.64,63.1,normal
2026-09-01 13:00:00,pump_unit_01,51.84,2.079,1500.8,10.07,31.58,43.4,hydraulic_pressure_loss
2026-09-01 13:15:00,pump_unit_01,86.85,6.282,1518.7,10.33,139.41,69.7,bearing_overheat_wear
2026-09-01 13:30:00,pump_unit_01,58.87,7.858,1409.9,10.35,133.88,59.8,rotor_unbalance
2026-09-01 13:45:00,pump_unit_01,53.66,2.238,1478.4,9.48,143.22,65.6,normal
2026-09-01 14:00:00,pump_unit_01,94.55,6.137,1516.1,10.27,143.22,55.7,bearing_overheat_wear
2026-09-01 14:15:00,pump_unit_01,51.93,8.253,1424.5,9.14,140.15,65.1,rotor_unbalance
2026-09-01 14:30:00,pump_unit_01,59.68,7.624,1424.7,10.02,141.21,69.1,rotor_unbalance
2026-09-01 14:45:00,pump_unit_01,94.17,5.136,1482.2,9.97,132.68,64.5,bearing_overheat_wear
2026-09-01 15:00:00,pump_unit_01,52.71,1.156,1492.6,9.35,51.08,29.7,hydraulic_pressure_loss
2026-09-01 15:15:00,pump_unit_01,104.34,4.279,1478.5,11.67,154.53,61.0,bearing_overheat_wear
2026-09-01 15:30:00,pump_unit_01,51.55,1.726,1506.7,10.55,29.62,46.9,hydraulic_pressure_loss
2026-09-01 15:45:00,pump_unit_01,55.81,1.633,1502.1,11.01,140.78,70.1,normal
2026-09-01 16:00:00,pump_unit_01,93.33,4.207,1499.7,10.12,150.47,77.4,bearing_overheat_wear
2026-09-01 16:15:00,pump_unit_01,55.91,1.466,1512.9,10.41,142.4,57.5,normal
2026-09-01 16:30:00,pump_unit_01,56.59,1.467,1487.9,10.41,30.38,38.2,hydraulic_pressure_loss
2026-09-01 16:45:00,pump_unit_01,99.71,4.572,1491.4,10.34,141.48,65.8,bearing_overheat_wear
2026-09-01 17:00:00,pump_unit_01,49.63,2.059,1490.1,10.15,134.74,66.0,normal
2026-09-01 17:15:00,pump_unit_01,77.37,2.32,1512.7,26.99,148.72,70.6,electrical_overcurrent
2026-09-01 17:30:00,pump_unit_01,52.56,7.93,1376.5,10.83,139.05,75.0,rotor_unbalance
2026-09-01 17:45:00,pump_unit_01,49.5,1.78,1477.4,9.79,147.56,71.8,normal
2026-09-01 18:00:00,pump_unit_01,51.45,1.81,1476.8,9.66,47.9,47.9,hydraulic_pressure_loss
2026-09-01 18:15:00,pump_unit_01,87.59,4.643,1519.2,8.55,137.04,71.5,bearing_overheat_wear
2026-09-01 18:30:00,pump_unit_01,57.96,8.076,1431.7,11.05,141.16,69.4,rotor_unbalance
2026-09-01 18:45:00,pump_unit_01,54.47,1.915,1510.0,9.35,139.37,76.9,normal
2026-09-01 19:00:00,pump_unit_01,52.12,10.69,1449.4,10.21,146.64,73.1,rotor_unbalance
2026-09-01 19:15:00,pump_unit_01,72.24,1.199,1519.1,26.44,140.54,75.9,electrical_overcurrent
2026-09-01 19:30:00,pump_unit_01,99.8,5.142,1502.9,10.42,132.94,54.1,bearing_overheat_wear
2026-09-01 19:45:00,pump_unit_01,57.46,1.841,1506.4,10.38,30.72,32.1,hydraulic_pressure_loss
2026-09-01 20:00:00,pump_unit_01,53.62,1.956,1491.0,10.11,144.15,56.0,normal
2026-09-01 20:15:00,pump_unit_01,49.81,1.1,1484.8,10.8,52.92,36.6,hydraulic_pressure_loss
2026-09-01 20:30:00,pump_unit_01,52.31,2.206,1496.4,9.53,137.03,59.1,normal
2026-09-01 20:45:00,pump_unit_01,53.75,2.041,1520.8,9.09,141.96,61.8,normal
2026-09-01 21:00:00,pump_unit_01,54.54,1.251,1508.9,9.72,137.33,61.6,normal
2026-09-01 21:15:00,pump_unit_01,98.06,5.993,1499.9,10.49,146.6,65.9,bearing_overheat_wear
2026-09-01 21:30:00,pump_unit_01,58.9,7.884,1423.6,10.48,149.76,80.5,rotor_unbalance
2026-09-01 21:45:00,pump_unit_01,52.04,1.9,1494.6,10.45,135.83,58.5,normal
2026-09-01 22:00:00,pump_unit_01,51.09,9.143,1391.5,11.75,145.53,62.2,rotor_unbalance
2026-09-01 22:15:00,pump_unit_01,55.65,8.748,1404.0,11.05,134.29,68.0,rotor_unbalance
2026-09-01 22:30:00,pump_unit_01,55.32,1.974,1494.1,10.06,58.5,43.2,hydraulic_pressure_loss
2026-09-01 22:45:00,pump_unit_01,57.33,2.126,1500.5,9.97,142.27,66.1,normal
2026-09-01 23:00:00,pump_unit_01,48.59,1.699,1465.1,9.0,146.82,73.4,normal
2026-09-01 23:15:00,pump_unit_01,49.74,8.817,1387.5,12.14,142.17,64.6,rotor_unbalance
2026-09-01 23:30:00,pump_unit_01,55.35,1.774,1506.9,10.48,143.34,63.9,normal
2026-09-01 23:45:00,pump_unit_01,60.7,1.509,1481.7,11.27,40.7,55.2,hydraulic_pressure_loss
2026-09-02 00:00:00,pump_unit_01,55.9,2.269,1489.6,9.45,34.31,46.3,hydraulic_pressure_loss
2026-09-02 00:15:00,pump_unit_01,102.0,5.257,1483.2,8.85,135.87,69.5,bearing_overheat_wear
2026-09-02 00:30:00,pump_unit_01,55.71,1.497,1505.6,10.73,55.75,38.6,hydraulic_pressure_loss
2026-09-02 00:45:00,pump_unit_01,102.27,5.651,1479.5,9.2,135.56,67.6,bearing_overheat_wear
2026-09-02 01:00:00,pump_unit_01,58.15,2.022,1492.6,9.68,142.74,69.1,normal
2026-09-02 01:15:00,pump_unit_01,54.76,9.05,1378.2,10.35,132.73,76.0,rotor_unbalance
2026-09-02 01:30:00,pump_unit_01,67.1,1.453,1490.6,22.86,143.57,80.0,electrical_overcurrent
2026-09-02 01:45:00,pump_unit_01,60.64,9.654,1414.5,11.66,131.74,60.3,rotor_unbalance
2026-09-02 02:00:00,pump_unit_01,80.09,1.268,1502.7,26.15,146.37,64.2,electrical_overcurrent
2026-09-02 02:15:00,pump_unit_01,56.57,1.294,1503.1,9.37,55.95,26.5,hydraulic_pressure_loss
2026-09-02 02:30:00,pump_unit_01,57.5,1.872,1485.8,11.36,45.59,38.0,hydraulic_pressure_loss
2026-09-02 02:45:00,pump_unit_01,53.13,1.677,1515.4,9.37,127.94,77.7,normal
2026-09-02 03:00:00,pump_unit_01,72.0,1.219,1490.3,20.65,139.05,61.3,electrical_overcurrent
2026-09-02 03:15:00,pump_unit_01,57.45,2.416,1497.6,9.93,64.9,41.2,hydraulic_pressure_loss
2026-09-02 03:30:00,pump_unit_01,55.58,7.89,1471.5,10.06,148.34,61.4,rotor_unbalance
2026-09-02 03:45:00,pump_unit_01,91.31,6.906,1490.1,8.85,139.91,62.6,bearing_overheat_wear
2026-09-02 04:00:00,pump_unit_01,49.35,1.945,1487.2,8.15,143.92,69.6,normal
2026-09-02 04:15:00,pump_unit_01,50.39,2.051,1500.2,12.11,142.1,70.3,normal
2026-09-02 04:30:00,pump_unit_01,57.86,1.988,1513.8,9.78,47.49,43.6,hydraulic_pressure_loss
2026-09-02 04:45:00,pump_unit_01,53.51,7.538,1424.1,10.96,128.74,63.0,rotor_unbalance
2026-09-02 05:00:00,pump_unit_01,51.8,1.74,1511.7,10.0,134.85,67.7,normal
2026-09-02 05:15:00,pump_unit_01,51.58,1.527,1503.4,10.02,143.24,67.9,normal
2026-09-02 05:30:00,pump_unit_01,51.38,1.796,1491.8,9.23,132.18,72.1,normal
2026-09-02 05:45:00,pump_unit_01,51.42,1.771,1511.9,8.38,34.13,37.5,hydraulic_pressure_loss
2026-09-02 06:00:00,pump_unit_01,66.1,1.464,1501.7,27.6,142.74,66.9,electrical_overcurrent
2026-09-02 06:15:00,pump_unit_01,57.82,1.314,1461.3,11.0,145.94,61.9,normal
2026-09-02 06:30:00,pump_unit_01,55.35,2.079,1522.0,10.61,35.17,28.9,hydraulic_pressure_loss
2026-09-02 06:45:00,pump_unit_01,104.19,5.376,1512.0,9.46,144.28,71.8,bearing_overheat_wear
2026-09-02 07:00:00,pump_unit_01,102.09,6.261,1500.1,8.77,140.42,64.7,bearing_overheat_wear
2026-09-02 07:15:00,pump_unit_01,59.76,1.877,1515.3,10.21,31.92,33.8,hydraulic_pressure_loss
2026-09-02 07:30:00,pump_unit_01,75.18,1.776,1522.0,27.96,140.06,69.5,electrical_overcurrent
2026-09-02 07:45:00,pump_unit_01,54.47,7.14,1384.5,10.61,141.96,57.3,rotor_unbalance
2026-09-02 08:00:00,pump_unit_01,58.59,1.812,1482.3,9.33,141.72,70.3,normal
2026-09-02 08:15:00,pump_unit_01,58.85,1.76,1476.3,9.94,56.84,39.0,hydraulic_pressure_loss
2026-09-02 08:30:00,pump_unit_01,86.37,4.892,1489.0,10.4,141.37,61.2,bearing_overheat_wear
2026-09-02 08:45:00,pump_unit_01,78.53,1.451,1463.3,22.85,140.15,68.2,electrical_overcurrent
2026-09-01 08:00:00,pump_unit_02,56.39,2.268,1478.1,9.9,28.99,39.6,hydraulic_pressure_loss
2026-09-01 08:15:00,pump_unit_02,53.82,2.372,1495.5,11.6,37.77,39.7,hydraulic_pressure_loss
2026-09-01 08:30:00,pump_unit_02,52.52,8.97,1430.4,9.81,144.54,68.2,rotor_unbalance
2026-09-01 08:45:00,pump_unit_02,56.49,1.219,1505.0,9.41,132.79,67.6,normal
2026-09-01 09:00:00,pump_unit_02,72.39,2.049,1474.9,20.24,137.08,67.7,electrical_overcurrent
2026-09-01 09:15:00,pump_unit_02,79.24,1.232,1465.6,27.2,138.9,67.4,electrical_overcurrent
2026-09-01 09:30:00,pump_unit_02,74.57,1.448,1478.6,21.21,146.22,65.4,electrical_overcurrent
2026-09-01 09:45:00,pump_unit_02,53.05,9.75,1424.9,9.95,145.25,63.9,rotor_unbalance
2026-09-01 10:00:00,pump_unit_02,56.36,1.831,1492.8,11.47,136.89,80.4,normal
2026-09-01 10:15:00,pump_unit_02,72.63,1.821,1478.9,21.56,141.99,71.3,electrical_overcurrent
2026-09-01 10:30:00,pump_unit_02,82.8,1.959,1515.5,25.8,138.41,62.8,electrical_overcurrent
2026-09-01 10:45:00,pump_unit_02,110.63,5.454,1501.2,10.01,140.38,68.0,bearing_overheat_wear
2026-09-01 11:00:00,pump_unit_02,74.3,1.977,1477.7,27.46,144.7,73.2,electrical_overcurrent
2026-09-01 11:15:00,pump_unit_02,59.2,9.982,1406.9,10.47,125.35,70.3,rotor_unbalance
2026-09-01 11:30:00,pump_unit_02,56.67,1.451,1484.3,11.3,137.58,81.5,normal
2026-09-01 11:45:00,pump_unit_02,56.43,2.285,1497.0,9.4,64.73,43.6,hydraulic_pressure_loss
2026-09-01 12:00:00,pump_unit_02,58.24,1.81,1490.8,10.12,141.12,71.7,normal
2026-09-01 12:15:00,pump_unit_02,51.35,2.131,1488.8,9.07,142.22,70.8,normal
2026-09-01 12:30:00,pump_unit_02,55.8,2.021,1500.6,10.71,132.98,70.0,normal
2026-09-01 12:45:00,pump_unit_02,57.12,1.709,1487.8,10.9,54.54,52.7,hydraulic_pressure_loss
2026-09-01 13:00:00,pump_unit_02,57.68,8.765,1416.2,10.86,139.7,63.6,rotor_unbalance
2026-09-01 13:15:00,pump_unit_02,56.19,2.001,1489.4,10.8,141.89,60.6,normal
2026-09-01 13:30:00,pump_unit_02,53.25,1.303,1479.3,9.38,140.26,66.4,normal
2026-09-01 13:45:00,pump_unit_02,57.17,1.902,1499.7,10.53,143.08,55.4,normal
2026-09-01 14:00:00,pump_unit_02,62.6,1.811,1494.9,26.52,145.94,69.2,electrical_overcurrent
2026-09-01 14:15:00,pump_unit_02,95.89,5.82,1486.6,10.84,143.39,62.3,bearing_overheat_wear
2026-09-01 14:30:00,pump_unit_02,52.33,9.65,1383.4,10.63,135.22,70.6,rotor_unbalance
2026-09-01 14:45:00,pump_unit_02,63.56,1.387,1517.1,10.32,48.44,42.6,hydraulic_pressure_loss
2026-09-01 15:00:00,pump_unit_02,53.4,2.14,1485.3,10.15,134.64,70.7,normal
2026-09-01 15:15:00,pump_unit_02,54.73,1.741,1478.3,10.02,31.16,36.2,hydraulic_pressure_loss
2026-09-01 15:30:00,pump_unit_02,52.95,10.828,1402.2,10.08,142.16,68.4,rotor_unbalance
2026-09-01 15:45:00,pump_unit_02,49.6,1.996,1490.8,9.72,140.04,72.8,normal
2026-09-01 16:00:00,pump_unit_02,52.7,9.282,1439.0,10.6,144.87,75.5,rotor_unbalance
2026-09-01 16:15:00,pump_unit_02,56.82,1.471,1505.5,9.12,136.03,75.8,normal
2026-09-01 16:30:00,pump_unit_02,60.21,1.718,1477.7,10.01,140.51,68.5,normal
2026-09-01 16:45:00,pump_unit_02,53.74,1.906,1480.2,10.56,140.02,63.5,normal
2026-09-01 17:00:00,pump_unit_02,54.36,1.719,1521.6,10.12,57.92,27.3,hydraulic_pressure_loss
2026-09-01 17:15:00,pump_unit_02,59.84,1.751,1514.3,10.25,55.01,40.5,hydraulic_pressure_loss
2026-09-01 17:30:00,pump_unit_02,47.99,1.637,1495.2,10.75,142.37,65.7,normal
2026-09-01 17:45:00,pump_unit_02,58.61,1.855,1509.4,10.42,137.19,72.2,normal
2026-09-01 18:00:00,pump_unit_02,55.0,2.242,1458.2,9.07,134.06,65.8,normal
2026-09-01 18:15:00,pump_unit_02,49.72,1.504,1482.1,12.17,149.01,65.5,normal
2026-09-01 18:30:00,pump_unit_02,50.98,1.228,1493.2,9.4,139.58,58.4,normal
2026-09-01 18:45:00,pump_unit_02,55.52,7.641,1451.2,9.14,144.27,63.2,rotor_unbalance
2026-09-01 19:00:00,pump_unit_02,53.89,1.91,1504.2,10.09,147.66,74.0,normal
2026-09-01 19:15:00,pump_unit_02,74.7,2.38,1524.4,20.01,135.37,76.9,electrical_overcurrent
2026-09-01 19:30:00,pump_unit_02,93.62,4.931,1485.2,9.66,136.44,62.7,bearing_overheat_wear
2026-09-01 19:45:00,pump_unit_02,53.29,9.413,1425.8,8.08,133.11,57.1,rotor_unbalance
2026-09-01 20:00:00,pump_unit_02,79.33,2.187,1501.2,23.42,135.5,71.1,electrical_overcurrent
2026-09-01 20:15:00,pump_unit_02,56.98,9.182,1419.2,9.25,140.43,70.0,rotor_unbalance
2026-09-01 20:30:00,pump_unit_02,57.16,2.266,1514.2,9.4,148.42,64.8,normal
2026-09-01 20:45:00,pump_unit_02,96.6,5.331,1467.9,10.06,132.2,73.8,bearing_overheat_wear
2026-09-01 21:00:00,pump_unit_02,52.46,9.642,1429.4,10.17,148.7,65.1,rotor_unbalance
2026-09-01 21:15:00,pump_unit_02,53.43,1.785,1493.3,9.53,143.31,71.9,normal
2026-09-01 21:30:00,pump_unit_02,60.38,7.87,1391.7,10.5,136.88,68.1,rotor_unbalance
2026-09-01 21:45:00,pump_unit_02,54.24,10.411,1389.3,8.59,143.98,68.4,rotor_unbalance
2026-09-01 22:00:00,pump_unit_02,86.67,2.047,1497.5,24.14,138.03,55.2,electrical_overcurrent
2026-09-01 22:15:00,pump_unit_02,73.33,1.453,1480.5,24.1,129.58,71.7,electrical_overcurrent
2026-09-01 22:30:00,pump_unit_02,69.36,2.17,1453.3,26.62,134.1,72.8,electrical_overcurrent
2026-09-01 22:45:00,pump_unit_02,61.43,1.739,1500.6,9.01,145.95,63.4,normal
2026-09-01 23:00:00,pump_unit_02,54.92,7.32,1435.2,10.97,141.46,58.5,rotor_unbalance
2026-09-01 23:15:00,pump_unit_02,51.24,2.063,1499.1,10.53,149.3,70.8,normal
2026-09-01 23:30:00,pump_unit_02,64.49,10.713,1365.9,10.54,142.19,64.8,rotor_unbalance
2026-09-01 23:45:00,pump_unit_02,52.44,2.075,1493.4,10.0,142.81,60.2,normal
2026-09-02 00:00:00,pump_unit_02,57.53,2.374,1502.0,9.9,137.46,65.5,normal
2026-09-02 00:15:00,pump_unit_02,53.68,2.075,1469.0,10.89,138.1,70.3,normal
2026-09-02 00:30:00,pump_unit_02,75.92,2.174,1509.4,26.54,144.15,70.4,electrical_overcurrent
2026-09-02 00:45:00,pump_unit_02,56.95,1.853,1499.4,11.38,43.26,25.0,hydraulic_pressure_loss
2026-09-02 01:00:00,pump_unit_02,55.33,2.175,1478.7,10.47,135.42,64.0,normal
2026-09-02 01:15:00,pump_unit_02,53.1,10.715,1348.5,11.69,143.01,66.9,rotor_unbalance
2026-09-02 01:30:00,pump_unit_02,53.87,1.739,1487.6,9.74,143.47,69.5,normal
2026-09-02 01:45:00,pump_unit_02,91.93,4.68,1488.7,11.98,132.16,75.6,bearing_overheat_wear
2026-09-02 02:00:00,pump_unit_02,58.48,2.091,1495.4,10.03,138.95,70.3,normal
2026-09-02 02:15:00,pump_unit_02,55.63,1.527,1507.4,10.94,143.27,72.5,normal
2026-09-02 02:30:00,pump_unit_02,71.61,1.54,1470.5,28.35,139.58,65.4,electrical_overcurrent
2026-09-02 02:45:00,pump_unit_02,102.3,5.581,1474.1,11.35,139.28,69.7,bearing_overheat_wear
2026-09-02 03:00:00,pump_unit_02,76.49,1.702,1502.6,25.22,138.02,76.8,electrical_overcurrent
2026-09-02 03:15:00,pump_unit_02,61.25,10.25,1424.0,9.62,135.73,70.8,rotor_unbalance
2026-09-02 03:30:00,pump_unit_02,50.24,1.372,1468.5,10.29,54.89,34.5,hydraulic_pressure_loss
2026-09-02 03:45:00,pump_unit_02,62.34,1.363,1489.1,11.56,142.25,71.4,normal
2026-09-02 04:00:00,pump_unit_02,74.24,2.033,1482.9,23.09,133.13,70.0,electrical_overcurrent
2026-09-02 04:15:00,pump_unit_02,52.82,1.478,1489.7,9.32,141.61,61.1,normal
2026-09-02 04:30:00,pump_unit_02,50.86,1.63,1485.6,11.26,40.68,43.1,hydraulic_pressure_loss
2026-09-02 04:45:00,pump_unit_02,61.99,1.84,1496.0,10.64,34.44,24.6,hydraulic_pressure_loss
2026-09-02 05:00:00,pump_unit_02,82.51,1.705,1466.0,26.45,126.25,66.6,electrical_overcurrent
2026-09-02 05:15:00,pump_unit_02,100.24,6.34,1463.0,10.69,142.78,69.9,bearing_overheat_wear
2026-09-02 05:30:00,pump_unit_02,51.64,2.025,1469.7,9.46,147.58,66.4,normal
2026-09-02 05:45:00,pump_unit_02,55.83,1.769,1515.5,10.01,131.1,63.2,normal
2026-09-02 06:00:00,pump_unit_02,56.38,1.33,1484.1,9.73,138.17,59.7,normal
2026-09-02 06:15:00,pump_unit_02,52.45,9.903,1400.1,10.08,138.04,68.8,rotor_unbalance
2026-09-02 06:30:00,pump_unit_02,52.78,1.451,1497.4,10.78,132.06,68.2,normal
2026-09-02 06:45:00,pump_unit_02,56.2,1.796,1473.2,9.19,64.76,53.6,hydraulic_pressure_loss
2026-09-02 07:00:00,pump_unit_02,54.46,1.965,1484.5,10.1,131.9,53.9,normal
2026-09-02 07:15:00,pump_unit_02,51.55,1.663,1474.2,9.07,139.13,63.6,normal
2026-09-02 07:30:00,pump_unit_02,76.27,1.896,1498.6,22.24,134.66,67.7,electrical_overcurrent
2026-09-02 07:45:00,pump_unit_02,53.91,2.207,1502.6,10.36,138.91,65.7,normal
2026-09-02 08:00:00,pump_unit_02,54.12,1.787,1496.2,9.66,142.66,85.5,normal
2026-09-02 08:15:00,pump_unit_02,56.13,1.572,1503.7,10.24,61.7,42.3,hydraulic_pressure_loss
2026-09-02 08:30:00,pump_unit_02,60.57,1.913,1511.2,9.22,30.13,37.2,hydraulic_pressure_loss
2026-09-02 08:45:00,pump_unit_02,66.7,2.092,1495.1,26.03,132.64,71.0,electrical_overcurrent
2026-09-01 08:00:00,pump_unit_03,49.78,1.816,1493.2,11.14,139.11,63.8,normal
2026-09-01 08:15:00,pump_unit_03,81.67,1.961,1489.2,27.7,132.16,70.3,electrical_overcurrent
2026-09-01 08:30:00,pump_unit_03,87.11,1.47,1493.5,24.94,145.96,63.8,electrical_overcurrent
2026-09-01 08:45:00,pump_unit_03,52.55,1.773,1471.0,10.31,142.25,66.6,normal
2026-09-01 09:00:00,pump_unit_03,58.46,1.909,1484.1,9.98,132.5,61.8,normal
2026-09-01 09:15:00,pump_unit_03,59.3,10.416,1451.0,9.77,141.24,67.2,rotor_unbalance
2026-09-01 09:30:00,pump_unit_03,54.46,1.385,1487.0,9.2,34.83,41.7,hydraulic_pressure_loss
2026-09-01 09:45:00,pump_unit_03,51.05,1.652,1497.1,8.34,141.18,79.4,normal
2026-09-01 10:00:00,pump_unit_03,88.73,7.038,1492.5,9.74,128.62,71.8,bearing_overheat_wear
2026-09-01 10:15:00,pump_unit_03,77.86,1.641,1504.1,19.7,145.24,59.6,electrical_overcurrent
2026-09-01 10:30:00,pump_unit_03,55.34,1.518,1487.1,10.26,140.19,67.5,normal
2026-09-01 10:45:00,pump_unit_03,54.25,9.655,1419.0,10.93,133.16,66.9,rotor_unbalance
2026-09-01 11:00:00,pump_unit_03,60.17,1.952,1475.3,10.74,136.13,64.5,normal
2026-09-01 11:15:00,pump_unit_03,53.28,2.068,1483.4,9.7,36.59,36.3,hydraulic_pressure_loss
2026-09-01 11:30:00,pump_unit_03,62.94,7.25,1414.8,9.26,136.11,64.2,rotor_unbalance
2026-09-01 11:45:00,pump_unit_03,90.19,5.801,1481.2,12.45,137.74,68.4,bearing_overheat_wear
2026-09-01 12:00:00,pump_unit_03,56.04,8.701,1414.4,9.3,147.31,72.9,rotor_unbalance
2026-09-01 12:15:00,pump_unit_03,72.41,2.164,1511.6,19.69,141.51,74.1,electrical_overcurrent
2026-09-01 12:30:00,pump_unit_03,87.29,5.311,1490.1,9.94,139.26,64.6,bearing_overheat_wear
2026-09-01 12:45:00,pump_unit_03,53.93,1.677,1496.4,8.66,142.39,68.0,normal
2026-09-01 13:00:00,pump_unit_03,58.36,1.214,1465.4,10.42,48.3,34.1,hydraulic_pressure_loss
2026-09-01 13:15:00,pump_unit_03,74.73,1.722,1463.4,27.48,146.11,71.9,electrical_overcurrent
2026-09-01 13:30:00,pump_unit_03,101.4,5.439,1491.6,10.8,140.29,61.3,bearing_overheat_wear
2026-09-01 13:45:00,pump_unit_03,89.54,6.349,1517.2,9.48,137.06,68.1,bearing_overheat_wear
2026-09-01 14:00:00,pump_unit_03,90.99,4.997,1478.2,9.89,143.31,64.2,bearing_overheat_wear
2026-09-01 14:15:00,pump_unit_03,56.66,1.592,1492.5,11.03,141.97,59.6,normal
2026-09-01 14:30:00,pump_unit_03,99.28,6.097,1510.4,10.43,140.79,66.7,bearing_overheat_wear
2026-09-01 14:45:00,pump_unit_03,58.05,1.631,1485.8,9.24,134.68,57.0,normal
2026-09-01 15:00:00,pump_unit_03,61.33,2.228,1470.6,10.78,147.11,65.3,normal
2026-09-01 15:15:00,pump_unit_03,47.97,1.88,1479.0,10.36,132.19,71.3,normal
2026-09-01 15:30:00,pump_unit_03,52.26,1.459,1462.7,9.99,137.09,58.7,normal
2026-09-01 15:45:00,pump_unit_03,101.92,6.357,1486.7,11.06,143.01,67.2,bearing_overheat_wear
2026-09-01 16:00:00,pump_unit_03,55.52,1.659,1501.5,9.58,142.55,71.3,normal
2026-09-01 16:15:00,pump_unit_03,59.17,0.886,1485.8,11.02,28.0,28.3,hydraulic_pressure_loss
2026-09-01 16:30:00,pump_unit_03,58.95,1.783,1477.1,9.73,31.99,49.9,hydraulic_pressure_loss
2026-09-01 16:45:00,pump_unit_03,86.81,6.235,1474.7,11.48,139.83,61.0,bearing_overheat_wear
2026-09-01 17:00:00,pump_unit_03,71.04,1.432,1462.3,22.61,130.99,63.5,electrical_overcurrent
2026-09-01 17:15:00,pump_unit_03,94.13,6.756,1468.4,9.68,141.08,61.9,bearing_overheat_wear
2026-09-01 17:30:00,pump_unit_03,52.95,7.515,1415.3,9.98,138.82,63.6,rotor_unbalance
2026-09-01 17:45:00,pump_unit_03,53.49,2.039,1491.5,9.95,140.52,78.2,normal
2026-09-01 18:00:00,pump_unit_03,57.69,1.232,1498.3,11.46,142.44,69.0,normal
2026-09-01 18:15:00,pump_unit_03,55.11,1.724,1483.2,9.97,41.85,41.9,hydraulic_pressure_loss
2026-09-01 18:30:00,pump_unit_03,56.91,1.869,1509.5,10.27,50.29,35.9,hydraulic_pressure_loss
2026-09-01 18:45:00,pump_unit_03,72.94,1.6,1501.5,20.53,132.98,74.7,electrical_overcurrent
2026-09-01 19:00:00,pump_unit_03,57.19,1.421,1521.7,10.73,35.63,50.0,hydraulic_pressure_loss
2026-09-01 19:15:00,pump_unit_03,57.04,1.943,1495.2,9.57,140.65,67.6,normal
2026-09-01 19:30:00,pump_unit_03,67.86,1.97,1456.0,21.86,137.61,75.8,electrical_overcurrent
2026-09-01 19:45:00,pump_unit_03,55.4,2.021,1488.1,11.0,135.03,69.8,normal
2026-09-01 20:00:00,pump_unit_03,57.31,2.375,1483.5,9.1,135.03,72.0,normal
2026-09-01 20:15:00,pump_unit_03,55.36,1.463,1506.5,9.22,145.79,85.1,normal
2026-09-01 20:30:00,pump_unit_03,55.19,1.975,1487.6,8.75,64.71,36.3,hydraulic_pressure_loss
2026-09-01 20:45:00,pump_unit_03,56.33,1.707,1492.4,10.97,139.84,71.2,normal
2026-09-01 21:00:00,pump_unit_03,53.8,1.378,1465.3,9.99,140.28,60.3,normal
2026-09-01 21:15:00,pump_unit_03,55.19,1.153,1481.3,10.53,141.94,61.1,normal
2026-09-01 21:30:00,pump_unit_03,58.58,2.033,1493.6,9.83,55.59,38.1,hydraulic_pressure_loss
2026-09-01 21:45:00,pump_unit_03,80.57,1.828,1506.8,28.85,135.98,57.2,electrical_overcurrent
2026-09-01 22:00:00,pump_unit_03,52.5,2.032,1490.8,9.79,147.0,61.7,normal
2026-09-01 22:15:00,pump_unit_03,55.74,1.917,1502.4,10.93,140.99,70.9,normal
2026-09-01 22:30:00,pump_unit_03,93.57,4.976,1498.2,10.82,142.78,68.3,bearing_overheat_wear
2026-09-01 22:45:00,pump_unit_03,105.07,6.924,1487.1,10.54,145.34,68.6,bearing_overheat_wear
2026-09-01 23:00:00,pump_unit_03,76.5,1.695,1498.7,22.98,141.6,75.6,electrical_overcurrent
2026-09-01 23:15:00,pump_unit_03,56.38,1.584,1484.6,9.45,144.68,65.8,normal
2026-09-01 23:30:00,pump_unit_03,91.24,5.989,1482.3,9.34,141.12,71.6,bearing_overheat_wear
2026-09-01 23:45:00,pump_unit_03,52.4,1.644,1480.8,11.24,28.51,49.9,hydraulic_pressure_loss
2026-09-02 00:00:00,pump_unit_03,69.95,1.615,1482.2,26.52,138.5,60.7,electrical_overcurrent
2026-09-02 00:15:00,pump_unit_03,56.78,1.981,1489.4,11.9,62.99,25.6,hydraulic_pressure_loss
2026-09-02 00:30:00,pump_unit_03,72.12,1.659,1525.2,23.59,143.63,62.4,electrical_overcurrent
2026-09-02 00:45:00,pump_unit_03,48.5,1.746,1495.2,10.03,135.93,64.8,normal
2026-09-02 01:00:00,pump_unit_03,55.32,1.981,1511.2,9.96,27.35,44.2,hydraulic_pressure_loss
2026-09-02 01:15:00,pump_unit_03,58.43,9.464,1421.0,9.51,140.07,68.1,rotor_unbalance
2026-09-02 01:30:00,pump_unit_03,72.49,1.569,1496.3,24.01,134.5,69.4,electrical_overcurrent
2026-09-02 01:45:00,pump_unit_03,79.85,1.946,1478.8,19.92,147.91,62.5,electrical_overcurrent
2026-09-02 02:00:00,pump_unit_03,51.84,1.709,1513.4,9.56,36.97,53.1,hydraulic_pressure_loss
2026-09-02 02:15:00,pump_unit_03,52.39,1.784,1512.5,9.37,44.44,45.5,hydraulic_pressure_loss
2026-09-02 02:30:00,pump_unit_03,56.16,1.874,1511.3,10.64,128.11,63.3,normal
2026-09-02 02:45:00,pump_unit_03,54.32,1.943,1506.8,10.69,138.93,56.9,normal
2026-09-02 03:00:00,pump_unit_03,73.44,1.473,1504.5,22.6,140.63,49.6,electrical_overcurrent
2026-09-02 03:15:00,pump_unit_03,48.06,10.085,1384.4,11.08,141.38,70.8,rotor_unbalance
2026-09-02 03:30:00,pump_unit_03,58.4,1.326,1501.7,11.11,146.01,65.4,normal
2026-09-02 03:45:00,pump_unit_03,58.25,2.572,1483.7,9.79,59.15,41.5,hydraulic_pressure_loss
2026-09-02 04:00:00,pump_unit_03,102.91,4.281,1524.0,10.21,146.46,69.6,bearing_overheat_wear
2026-09-02 04:15:00,pump_unit_03,95.62,5.604,1500.5,9.97,142.02,81.4,bearing_overheat_wear
2026-09-02 04:30:00,pump_unit_03,58.99,1.804,1459.2,10.61,128.9,76.8,normal
2026-09-02 04:45:00,pump_unit_03,58.5,1.529,1471.7,10.41,139.83,65.1,normal
2026-09-02 05:00:00,pump_unit_03,64.69,2.05,1510.7,10.88,39.37,46.7,hydraulic_pressure_loss
2026-09-02 05:15:00,pump_unit_03,51.61,10.02,1381.9,11.4,143.75,71.9,rotor_unbalance
2026-09-02 05:30:00,pump_unit_03,75.6,1.144,1497.3,25.91,146.05,77.4,electrical_overcurrent
2026-09-02 05:45:00,pump_unit_03,105.31,5.369,1517.2,11.1,138.06,62.7,bearing_overheat_wear
2026-09-02 06:00:00,pump_unit_03,54.6,2.278,1489.7,8.25,142.52,63.8,normal
2026-09-02 06:15:00,pump_unit_03,54.7,10.567,1415.7,8.97,137.41,72.1,rotor_unbalance
2026-09-02 06:30:00,pump_unit_03,58.93,8.971,1375.6,10.76,131.7,69.9,rotor_unbalance
2026-09-02 06:45:00,pump_unit_03,54.36,1.607,1503.8,9.84,144.9,69.7,normal
2026-09-02 07:00:00,pump_unit_03,51.97,1.306,1499.4,9.92,28.62,35.9,hydraulic_pressure_loss
2026-09-02 07:15:00,pump_unit_03,49.96,2.133,1515.4,9.6,136.84,71.7,normal
2026-09-02 07:30:00,pump_unit_03,72.93,1.716,1518.2,22.84,140.5,74.8,electrical_overcurrent
2026-09-02 07:45:00,pump_unit_03,107.43,4.12,1510.4,9.39,140.51,66.5,bearing_overheat_wear
2026-09-02 08:00:00,pump_unit_03,51.56,9.316,1445.1,10.1,140.35,71.4,rotor_unbalance
2026-09-02 08:15:00,pump_unit_03,64.11,1.687,1488.1,10.82,27.13,30.7,hydraulic_pressure_loss
2026-09-02 08:30:00,pump_unit_03,76.93,1.827,1509.9,21.58,130.79,56.5,electrical_overcurrent
2026-09-02 08:45:00,pump_unit_03,50.84,1.589,1483.4,9.85,146.61,72.0,normal
2026-09-01 08:00:00,pump_unit_04,53.39,9.341,1405.2,10.67,135.46,68.2,rotor_unbalance
2026-09-01 08:15:00,pump_unit_04,54.02,9.629,1396.3,10.37,139.82,67.4,rotor_unbalance
2026-09-01 08:30:00,pump_unit_04,100.69,5.548,1507.2,9.64,143.83,63.4,bearing_overheat_wear
2026-09-01 08:45:00,pump_unit_04,47.33,7.244,1420.2,10.64,141.24,74.1,rotor_unbalance
2026-09-01 09:00:00,pump_unit_04,60.33,9.7,1388.9,9.95,136.99,78.2,rotor_unbalance
2026-09-01 09:15:00,pump_unit_04,52.95,1.803,1516.5,10.64,131.44,66.7,normal
2026-09-01 09:30:00,pump_unit_04,70.91,1.26,1523.4,23.42,139.65,65.8,electrical_overcurrent
2026-09-01 09:45:00,pump_unit_04,88.67,5.391,1497.2,10.06,145.23,62.8,bearing_overheat_wear
2026-09-01 10:00:00,pump_unit_04,77.82,1.922,1490.2,21.98,139.77,65.1,electrical_overcurrent
2026-09-01 10:15:00,pump_unit_04,56.75,1.296,1493.4,9.85,129.57,70.3,normal
2026-09-01 10:30:00,pump_unit_04,47.65,2.052,1516.5,11.39,141.79,68.3,normal
2026-09-01 10:45:00,pump_unit_04,78.3,2.14,1480.9,22.67,142.2,57.1,electrical_overcurrent
2026-09-01 11:00:00,pump_unit_04,60.16,1.855,1493.9,10.51,135.92,62.2,normal
2026-09-01 11:15:00,pump_unit_04,59.8,1.503,1509.5,10.13,141.7,70.8,normal
2026-09-01 11:30:00,pump_unit_04,55.29,2.223,1499.6,10.7,135.83,81.0,normal
2026-09-01 11:45:00,pump_unit_04,89.61,4.382,1482.7,11.19,141.43,56.5,bearing_overheat_wear
2026-09-01 12:00:00,pump_unit_04,54.69,1.861,1512.7,9.48,27.8,38.2,hydraulic_pressure_loss
2026-09-01 12:15:00,pump_unit_04,97.33,6.164,1489.1,8.71,136.61,68.0,bearing_overheat_wear
2026-09-01 12:30:00,pump_unit_04,52.6,1.595,1518.1,10.37,54.57,43.5,hydraulic_pressure_loss
2026-09-01 12:45:00,pump_unit_04,54.85,10.389,1418.6,10.16,140.03,74.8,rotor_unbalance
2026-09-01 13:00:00,pump_unit_04,53.85,1.736,1505.0,9.73,57.49,36.8,hydraulic_pressure_loss
2026-09-01 13:15:00,pump_unit_04,89.45,5.141,1487.3,10.43,151.96,61.7,bearing_overheat_wear
2026-09-01 13:30:00,pump_unit_04,70.66,1.794,1486.2,26.87,135.25,66.9,electrical_overcurrent
2026-09-01 13:45:00,pump_unit_04,83.84,4.618,1488.7,10.3,138.0,66.4,bearing_overheat_wear
2026-09-01 14:00:00,pump_unit_04,60.03,9.174,1445.8,10.01,141.83,77.4,rotor_unbalance
2026-09-01 14:15:00,pump_unit_04,59.32,1.734,1509.9,9.65,44.88,48.4,hydraulic_pressure_loss
2026-09-01 14:30:00,pump_unit_04,48.32,1.416,1479.5,10.15,138.17,76.4,normal
2026-09-01 14:45:00,pump_unit_04,56.73,7.597,1384.8,9.51,144.29,61.3,rotor_unbalance
2026-09-01 15:00:00,pump_unit_04,85.36,6.305,1452.1,10.44,139.43,67.7,bearing_overheat_wear
2026-09-01 15:15:00,pump_unit_04,54.51,1.82,1496.7,10.33,145.2,61.5,normal
2026-09-01 15:30:00,pump_unit_04,59.51,8.129,1389.2,9.73,138.15,62.6,rotor_unbalance
2026-09-01 15:45:00,pump_unit_04,50.91,1.409,1520.9,9.83,139.87,65.6,normal
2026-09-01 16:00:00,pump_unit_04,54.18,8.894,1442.9,9.52,143.24,63.0,rotor_unbalance
2026-09-01 16:15:00,pump_unit_04,58.66,1.659,1492.5,10.8,47.35,41.4,hydraulic_pressure_loss
2026-09-01 16:30:00,pump_unit_04,50.81,10.924,1398.2,10.8,144.36,63.8,rotor_unbalance
2026-09-01 16:45:00,pump_unit_04,99.63,5.801,1467.7,11.6,144.13,72.6,bearing_overheat_wear
2026-09-01 17:00:00,pump_unit_04,54.43,8.706,1467.3,10.64,137.68,70.8,rotor_unbalance
2026-09-01 17:15:00,pump_unit_04,56.75,2.12,1500.8,10.28,140.05,67.7,normal
2026-09-01 17:30:00,pump_unit_04,98.38,5.889,1493.4,9.57,137.42,74.6,bearing_overheat_wear
2026-09-01 17:45:00,pump_unit_04,95.24,6.799,1485.3,9.99,144.85,73.2,bearing_overheat_wear
2026-09-01 18:00:00,pump_unit_04,61.04,1.225,1499.2,9.1,136.83,65.8,normal
2026-09-01 18:15:00,pump_unit_04,94.1,4.857,1487.0,9.03,143.9,72.5,bearing_overheat_wear
2026-09-01 18:30:00,pump_unit_04,57.37,1.491,1495.1,10.11,149.21,79.5,normal
2026-09-01 18:45:00,pump_unit_04,63.73,8.369,1394.5,10.98,135.02,71.0,rotor_unbalance
2026-09-01 19:00:00,pump_unit_04,59.19,1.823,1492.5,11.08,142.9,72.4,normal
2026-09-01 19:15:00,pump_unit_04,51.34,7.984,1375.9,10.83,144.88,67.1,rotor_unbalance
2026-09-01 19:30:00,pump_unit_04,52.12,2.273,1494.1,10.3,138.3,62.7,normal
2026-09-01 19:45:00,pump_unit_04,57.22,9.036,1429.2,9.33,133.71,71.1,rotor_unbalance
2026-09-01 20:00:00,pump_unit_04,48.55,7.875,1371.9,8.68,140.58,54.5,rotor_unbalance
2026-09-01 20:15:00,pump_unit_04,56.39,1.892,1508.4,10.8,145.7,68.0,normal
2026-09-01 20:30:00,pump_unit_04,56.79,1.842,1489.0,9.93,135.91,70.5,normal
2026-09-01 20:45:00,pump_unit_04,52.68,1.601,1476.8,10.98,140.39,62.8,normal
2026-09-01 21:00:00,pump_unit_04,53.04,1.378,1510.3,9.77,137.96,68.2,normal
2026-09-01 21:15:00,pump_unit_04,72.85,1.44,1503.2,24.72,149.44,68.0,electrical_overcurrent
2026-09-01 21:30:00,pump_unit_04,60.52,2.349,1479.7,10.93,136.39,69.3,normal
2026-09-01 21:45:00,pump_unit_04,52.74,9.39,1443.8,10.84,141.38,59.9,rotor_unbalance
2026-09-01 22:00:00,pump_unit_04,80.02,2.117,1483.7,24.2,131.17,76.5,electrical_overcurrent
2026-09-01 22:15:00,pump_unit_04,59.43,1.807,1490.6,10.09,141.14,77.6,normal
2026-09-01 22:30:00,pump_unit_04,57.54,2.151,1477.5,10.8,138.53,52.9,normal
2026-09-01 22:45:00,pump_unit_04,89.0,6.434,1496.7,10.35,149.75,60.4,bearing_overheat_wear
2026-09-01 23:00:00,pump_unit_04,55.1,1.32,1516.1,9.65,150.16,67.8,normal
2026-09-01 23:15:00,pump_unit_04,54.81,1.791,1486.2,10.3,141.59,63.3,normal
2026-09-01 23:30:00,pump_unit_04,52.86,10.141,1409.0,11.44,139.02,69.6,rotor_unbalance
2026-09-01 23:45:00,pump_unit_04,55.74,10.866,1422.2,11.31,143.2,77.8,rotor_unbalance
2026-09-02 00:00:00,pump_unit_04,98.63,5.746,1530.0,10.86,138.33,75.5,bearing_overheat_wear
2026-09-02 00:15:00,pump_unit_04,75.66,1.661,1465.4,21.96,138.65,72.4,electrical_overcurrent
2026-09-02 00:30:00,pump_unit_04,55.42,2.096,1486.5,9.7,59.99,36.5,hydraulic_pressure_loss
2026-09-02 00:45:00,pump_unit_04,67.67,2.25,1501.0,27.22,139.15,68.1,electrical_overcurrent
2026-09-02 01:00:00,pump_unit_04,73.97,1.77,1503.6,26.72,141.79,74.5,electrical_overcurrent
2026-09-02 01:15:00,pump_unit_04,52.08,1.778,1513.9,10.1,135.55,65.0,normal
2026-09-02 01:30:00,pump_unit_04,53.69,1.946,1502.8,10.91,147.12,74.0,normal
2026-09-02 01:45:00,pump_unit_04,51.84,1.777,1488.2,9.29,137.79,65.2,normal
2026-09-02 02:00:00,pump_unit_04,53.89,2.154,1498.0,12.18,140.85,66.3,normal
2026-09-02 02:15:00,pump_unit_04,55.9,1.931,1526.2,9.52,144.3,69.2,normal
2026-09-02 02:30:00,pump_unit_04,57.7,2.18,1482.1,10.19,29.95,37.7,hydraulic_pressure_loss
2026-09-02 02:45:00,pump_unit_04,55.8,1.643,1487.9,10.79,134.19,62.6,normal
2026-09-02 03:00:00,pump_unit_04,58.39,2.171,1485.0,10.95,136.08,79.0,normal
2026-09-02 03:15:00,pump_unit_04,59.65,10.138,1449.7,10.67,134.92,64.9,rotor_unbalance
2026-09-02 03:30:00,pump_unit_04,55.16,2.028,1497.0,9.17,135.94,69.4,normal
2026-09-02 03:45:00,pump_unit_04,60.66,2.034,1499.3,10.8,136.67,67.1,normal
2026-09-02 04:00:00,pump_unit_04,50.63,10.661,1394.5,10.75,142.73,69.5,rotor_unbalance
2026-09-02 04:15:00,pump_unit_04,68.41,1.911,1505.0,20.54,140.26,64.3,electrical_overcurrent
2026-09-02 04:30:00,pump_unit_04,58.73,1.961,1524.6,10.05,155.16,66.6,normal
2026-09-02 04:45:00,pump_unit_04,53.61,1.912,1507.5,10.11,148.88,69.4,normal
2026-09-02 05:00:00,pump_unit_04,51.82,1.926,1493.0,9.71,45.73,62.5,hydraulic_pressure_loss
2026-09-02 05:15:00,pump_unit_04,54.82,1.964,1503.3,10.74,136.78,70.0,normal
2026-09-02 05:30:00,pump_unit_04,52.83,10.103,1394.1,11.05,143.44,73.9,rotor_unbalance
2026-09-02 05:45:00,pump_unit_04,78.67,1.853,1504.4,22.97,135.06,59.0,electrical_overcurrent
2026-09-02 06:00:00,pump_unit_04,50.21,1.506,1484.2,9.91,133.19,59.5,normal
2026-09-02 06:15:00,pump_unit_04,55.3,1.446,1493.3,11.05,133.49,66.8,normal
2026-09-02 06:30:00,pump_unit_04,53.54,1.628,1512.5,9.96,51.59,50.1,hydraulic_pressure_loss
2026-09-02 06:45:00,pump_unit_04,58.57,1.635,1495.6,10.15,143.52,61.8,normal
2026-09-02 07:00:00,pump_unit_04,101.76,5.147,1513.1,11.99,145.01,76.6,bearing_overheat_wear
2026-09-02 07:15:00,pump_unit_04,86.4,5.621,1481.3,10.15,143.08,59.3,bearing_overheat_wear
2026-09-02 07:30:00,pump_unit_04,58.04,1.655,1503.2,11.08,143.71,73.5,normal
2026-09-02 07:45:00,pump_unit_04,58.9,1.544,1498.9,10.41,57.05,41.0,hydraulic_pressure_loss
2026-09-02 08:00:00,pump_unit_04,55.65,2.145,1494.3,9.08,26.05,42.1,hydraulic_pressure_loss
2026-09-02 08:15:00,pump_unit_04,51.93,1.699,1496.6,9.33,141.65,77.7,normal
2026-09-02 08:30:00,pump_unit_04,56.38,0.975,1494.4,9.95,55.95,48.6,hydraulic_pressure_loss
2026-09-02 08:45:00,pump_unit_04,48.29,1.46,1509.4,8.51,136.17,65.6,normal
2026-09-01 08:00:00,pump_unit_05,93.98,4.959,1514.6,9.61,145.05,59.8,bearing_overheat_wear
2026-09-01 08:15:00,pump_unit_05,54.24,7.954,1402.1,10.64,137.09,71.7,rotor_unbalance
2026-09-01 08:30:00,pump_unit_05,103.98,5.857,1525.9,10.95,144.88,86.5,bearing_overheat_wear
2026-09-01 08:45:00,pump_unit_05,51.47,1.667,1487.4,10.72,139.13,68.8,normal
2026-09-01 09:00:00,pump_unit_05,58.02,9.673,1389.6,11.11,143.87,58.4,rotor_unbalance
2026-09-01 09:15:00,pump_unit_05,58.19,1.885,1503.8,10.25,136.63,66.4,normal
2026-09-01 09:30:00,pump_unit_05,54.88,1.234,1489.0,10.24,138.59,66.5,normal
2026-09-01 09:45:00,pump_unit_05,51.22,1.312,1489.8,10.81,148.44,72.7,normal
2026-09-01 10:00:00,pump_unit_05,54.19,1.877,1497.7,10.63,135.41,68.4,normal
2026-09-01 10:15:00,pump_unit_05,76.11,1.558,1489.8,20.67,136.89,64.9,electrical_overcurrent
2026-09-01 10:30:00,pump_unit_05,47.09,1.865,1481.1,10.59,133.59,68.2,normal
2026-09-01 10:45:00,pump_unit_05,56.06,1.837,1491.2,8.97,132.61,64.5,normal
2026-09-01 11:00:00,pump_unit_05,52.87,1.988,1490.8,9.43,138.61,69.4,normal
2026-09-01 11:15:00,pump_unit_05,61.57,1.599,1493.9,10.54,49.79,40.5,hydraulic_pressure_loss
2026-09-01 11:30:00,pump_unit_05,48.96,1.561,1479.3,10.67,143.01,62.6,normal
2026-09-01 11:45:00,pump_unit_05,95.26,5.559,1501.0,10.86,136.43,74.3,bearing_overheat_wear
2026-09-01 12:00:00,pump_unit_05,60.85,10.305,1394.2,8.44,129.89,68.8,rotor_unbalance
2026-09-01 12:15:00,pump_unit_05,55.4,2.083,1497.0,11.18,53.73,38.8,hydraulic_pressure_loss
2026-09-01 12:30:00,pump_unit_05,105.74,6.712,1502.9,11.7,143.96,58.4,bearing_overheat_wear
2026-09-01 12:45:00,pump_unit_05,50.52,1.958,1485.2,10.28,29.39,53.8,hydraulic_pressure_loss
2026-09-01 13:00:00,pump_unit_05,84.02,5.815,1490.1,9.86,144.89,64.8,bearing_overheat_wear
2026-09-01 13:15:00,pump_unit_05,61.79,2.016,1516.9,9.52,141.18,62.3,normal
2026-09-01 13:30:00,pump_unit_05,73.85,1.831,1473.8,27.13,133.09,70.9,electrical_overcurrent
2026-09-01 13:45:00,pump_unit_05,84.23,2.081,1471.8,23.94,145.48,71.3,electrical_overcurrent
2026-09-01 14:00:00,pump_unit_05,54.22,10.484,1385.0,9.8,144.45,73.8,rotor_unbalance
2026-09-01 14:15:00,pump_unit_05,94.01,5.347,1496.3,10.01,133.94,62.3,bearing_overheat_wear
2026-09-01 14:30:00,pump_unit_05,54.85,2.101,1511.2,10.01,53.9,32.8,hydraulic_pressure_loss
2026-09-01 14:45:00,pump_unit_05,55.57,2.294,1492.3,10.56,57.24,40.5,hydraulic_pressure_loss
2026-09-01 15:00:00,pump_unit_05,58.77,1.907,1490.4,10.56,139.7,68.1,normal
2026-09-01 15:15:00,pump_unit_05,52.45,1.812,1490.3,8.93,135.4,77.4,normal
2026-09-01 15:30:00,pump_unit_05,50.37,7.397,1420.9,11.45,139.07,75.8,rotor_unbalance
2026-09-01 15:45:00,pump_unit_05,80.01,1.7,1507.9,26.63,140.89,70.1,electrical_overcurrent
2026-09-01 16:00:00,pump_unit_05,52.73,7.998,1403.2,9.59,142.84,63.5,rotor_unbalance
2026-09-01 16:15:00,pump_unit_05,58.24,1.724,1491.8,10.53,142.91,63.0,normal
2026-09-01 16:30:00,pump_unit_05,55.4,1.423,1492.5,11.31,148.38,72.3,normal
2026-09-01 16:45:00,pump_unit_05,56.72,2.055,1505.9,10.83,141.82,67.6,normal
2026-09-01 17:00:00,pump_unit_05,48.36,1.902,1497.8,10.65,133.31,71.9,normal
2026-09-01 17:15:00,pump_unit_05,55.27,1.782,1499.6,11.83,134.88,69.2,normal
2026-09-01 17:30:00,pump_unit_05,53.09,1.785,1515.2,11.64,142.24,65.7,normal
2026-09-01 17:45:00,pump_unit_05,53.5,1.629,1468.4,11.32,63.09,53.3,hydraulic_pressure_loss
2026-09-01 18:00:00,pump_unit_05,57.82,1.306,1517.0,10.83,139.81,71.9,normal
2026-09-01 18:15:00,pump_unit_05,52.97,1.661,1467.2,10.89,145.96,63.8,normal
2026-09-01 18:30:00,pump_unit_05,54.07,1.898,1485.6,9.49,145.26,67.6,normal
2026-09-01 18:45:00,pump_unit_05,76.54,1.522,1513.4,24.51,143.63,75.1,electrical_overcurrent
2026-09-01 19:00:00,pump_unit_05,94.67,6.113,1515.0,10.39,133.27,58.7,bearing_overheat_wear
2026-09-01 19:15:00,pump_unit_05,77.0,1.357,1516.3,25.68,146.84,68.3,electrical_overcurrent
2026-09-01 19:30:00,pump_unit_05,92.52,6.678,1500.2,10.01,149.58,62.6,bearing_overheat_wear
2026-09-01 19:45:00,pump_unit_05,53.5,1.894,1492.5,8.93,140.05,61.4,normal
2026-09-01 20:00:00,pump_unit_05,55.48,1.946,1502.9,10.65,130.34,59.8,normal
2026-09-01 20:15:00,pump_unit_05,51.33,1.983,1484.7,10.26,136.83,71.4,normal
2026-09-01 20:30:00,pump_unit_05,53.43,9.451,1443.5,9.23,142.14,83.8,rotor_unbalance
2026-09-01 20:45:00,pump_unit_05,48.21,1.403,1514.2,9.57,62.11,32.6,hydraulic_pressure_loss
2026-09-01 21:00:00,pump_unit_05,51.88,1.578,1483.3,10.62,138.84,66.9,normal
2026-09-01 21:15:00,pump_unit_05,54.5,7.94,1430.2,10.73,139.26,68.5,rotor_unbalance
2026-09-01 21:30:00,pump_unit_05,56.56,1.937,1499.2,10.24,143.48,73.6,normal
2026-09-01 21:45:00,pump_unit_05,54.65,8.695,1400.4,10.71,141.41,69.5,rotor_unbalance
2026-09-01 22:00:00,pump_unit_05,53.69,1.821,1488.3,9.81,35.83,39.0,hydraulic_pressure_loss
2026-09-01 22:15:00,pump_unit_05,70.88,1.99,1537.0,23.43,131.67,73.4,electrical_overcurrent
2026-09-01 22:30:00,pump_unit_05,52.79,1.747,1506.4,10.02,137.52,66.8,normal
2026-09-01 22:45:00,pump_unit_05,56.39,1.264,1488.3,10.81,40.64,42.5,hydraulic_pressure_loss
2026-09-01 23:00:00,pump_unit_05,56.56,2.078,1506.3,9.85,133.28,70.5,normal
2026-09-01 23:15:00,pump_unit_05,58.82,8.654,1405.5,10.57,139.64,56.7,rotor_unbalance
2026-09-01 23:30:00,pump_unit_05,59.73,2.347,1476.8,9.94,140.21,78.7,normal
2026-09-01 23:45:00,pump_unit_05,53.33,2.265,1489.4,10.78,132.61,67.0,normal
2026-09-02 00:00:00,pump_unit_05,75.55,2.052,1494.3,24.13,136.26,66.7,electrical_overcurrent
2026-09-02 00:15:00,pump_unit_05,52.09,9.815,1406.4,10.52,141.34,66.2,rotor_unbalance
2026-09-02 00:30:00,pump_unit_05,53.52,1.58,1494.1,10.35,147.8,66.2,normal
2026-09-02 00:45:00,pump_unit_05,102.52,5.357,1491.8,9.94,138.72,73.1,bearing_overheat_wear
2026-09-02 01:00:00,pump_unit_05,51.61,2.443,1492.3,9.58,147.16,69.7,normal
2026-09-02 01:15:00,pump_unit_05,54.52,1.704,1492.5,9.09,44.88,45.8,hydraulic_pressure_loss
2026-09-02 01:30:00,pump_unit_05,54.67,2.622,1508.0,9.55,142.96,63.5,normal
2026-09-02 01:45:00,pump_unit_05,53.78,8.816,1349.8,9.28,140.05,65.6,rotor_unbalance
2026-09-02 02:00:00,pump_unit_05,69.01,2.293,1469.3,22.49,142.09,78.0,electrical_overcurrent
2026-09-02 02:15:00,pump_unit_05,51.41,1.653,1476.8,9.18,142.01,61.3,normal
2026-09-02 02:30:00,pump_unit_05,50.44,1.889,1487.7,11.33,141.62,75.4,normal
2026-09-02 02:45:00,pump_unit_05,55.2,1.506,1488.8,9.99,136.37,60.7,normal
2026-09-02 03:00:00,pump_unit_05,46.81,1.483,1504.4,8.92,133.16,78.7,normal
2026-09-02 03:15:00,pump_unit_05,74.52,1.993,1504.9,22.61,138.84,58.3,electrical_overcurrent
2026-09-02 03:30:00,pump_unit_05,51.36,1.351,1515.3,12.14,137.62,60.1,normal
2026-09-02 03:45:00,pump_unit_05,85.01,5.618,1485.2,10.38,141.98,69.9,bearing_overheat_wear
2026-09-02 04:00:00,pump_unit_05,91.34,6.822,1506.9,9.06,132.83,63.5,bearing_overheat_wear
2026-09-02 04:15:00,pump_unit_05,58.85,1.919,1498.1,11.16,39.2,38.8,hydraulic_pressure_loss
2026-09-02 04:30:00,pump_unit_05,97.14,4.849,1513.6,10.16,146.54,56.2,bearing_overheat_wear
2026-09-02 04:45:00,pump_unit_05,83.82,1.78,1488.9,25.57,129.99,63.4,electrical_overcurrent
2026-09-02 05:00:00,pump_unit_05,108.92,6.461,1502.8,9.84,138.8,63.2,bearing_overheat_wear
2026-09-02 05:15:00,pump_unit_05,51.38,1.331,1498.3,10.39,148.5,64.0,normal
2026-09-02 05:30:00,pump_unit_05,56.09,1.724,1506.2,10.82,141.64,66.5,normal
2026-09-02 05:45:00,pump_unit_05,50.21,8.142,1397.9,9.3,142.2,75.2,rotor_unbalance
2026-09-02 06:00:00,pump_unit_05,70.8,1.593,1504.0,26.34,145.06,66.5,electrical_overcurrent
2026-09-02 06:15:00,pump_unit_05,58.13,1.882,1528.6,11.34,138.46,66.1,normal
2026-09-02 06:30:00,pump_unit_05,52.07,10.854,1414.1,10.41,143.43,78.3,rotor_unbalance
2026-09-02 06:45:00,pump_unit_05,58.39,1.704,1495.1,10.36,141.81,59.9,normal
2026-09-02 07:00:00,pump_unit_05,68.42,1.511,1485.3,28.68,139.16,69.2,electrical_overcurrent
2026-09-02 07:15:00,pump_unit_05,97.29,5.356,1497.4,11.96,139.91,63.8,bearing_overheat_wear
2026-09-02 07:30:00,pump_unit_05,54.89,1.367,1480.6,10.08,139.17,64.6,normal
2026-09-02 07:45:00,pump_unit_05,55.21,2.067,1493.5,10.52,137.29,71.4,normal
2026-09-02 08:00:00,pump_unit_05,97.05,5.032,1503.8,10.12,141.22,74.4,bearing_overheat_wear
2026-09-02 08:15:00,pump_unit_05,94.54,5.394,1493.9,10.12,128.92,66.7,bearing_overheat_wear
2026-09-02 08:30:00,pump_unit_05,92.98,6.517,1455.8,9.82,138.02,64.9,bearing_overheat_wear
2026-09-02 08:45:00,pump_unit_05,53.7,10.432,1437.4,9.55,131.42,65.4,rotor_unbalance
2026-09-01 08:00:00,pump_unit_06,52.32,1.445,1503.3,8.79,142.75,72.9,normal
2026-09-01 08:15:00,pump_unit_06,54.23,1.969,1497.6,9.58,149.25,65.9,normal
2026-09-01 08:30:00,pump_unit_06,46.53,2.183,1517.0,10.22,42.95,48.3,hydraulic_pressure_loss
2026-09-01 08:45:00,pump_unit_06,52.87,7.887,1391.3,9.63,136.33,64.1,rotor_unbalance
2026-09-01 09:00:00,pump_unit_06,57.61,9.385,1447.8,9.96,138.93,62.1,rotor_unbalance
2026-09-01 09:15:00,pump_unit_06,54.75,7.586,1409.0,11.31,141.01,61.9,rotor_unbalance
2026-09-01 09:30:00,pump_unit_06,71.89,1.886,1489.3,27.08,130.79,68.6,electrical_overcurrent
2026-09-01 09:45:00,pump_unit_06,77.08,2.236,1500.6,23.77,136.57,64.6,electrical_overcurrent
2026-09-01 10:00:00,pump_unit_06,56.6,1.401,1475.1,10.63,133.27,66.6,normal
2026-09-01 10:15:00,pump_unit_06,51.02,1.493,1493.6,10.6,145.31,71.6,normal
2026-09-01 10:30:00,pump_unit_06,52.39,1.479,1487.3,10.53,36.56,24.9,hydraulic_pressure_loss
2026-09-01 10:45:00,pump_unit_06,50.04,2.507,1494.6,10.51,142.0,65.8,normal
2026-09-01 11:00:00,pump_unit_06,62.43,2.101,1507.3,10.66,134.98,75.7,normal
2026-09-01 11:15:00,pump_unit_06,55.99,1.308,1464.4,10.45,53.55,21.1,hydraulic_pressure_loss
2026-09-01 11:30:00,pump_unit_06,54.1,1.803,1508.3,11.1,138.28,68.2,normal
2026-09-01 11:45:00,pump_unit_06,104.01,5.252,1493.2,11.3,146.05,70.9,bearing_overheat_wear
2026-09-01 12:00:00,pump_unit_06,56.9,2.781,1477.1,9.65,54.66,37.8,hydraulic_pressure_loss
2026-09-01 12:15:00,pump_unit_06,74.32,2.011,1480.6,21.47,146.15,71.6,electrical_overcurrent
2026-09-01 12:30:00,pump_unit_06,104.79,5.608,1482.3,9.36,136.24,69.3,bearing_overheat_wear
2026-09-01 12:45:00,pump_unit_06,52.8,2.24,1491.0,9.85,63.09,32.3,hydraulic_pressure_loss
2026-09-01 13:00:00,pump_unit_06,98.42,6.225,1489.5,10.43,145.6,65.2,bearing_overheat_wear
2026-09-01 13:15:00,pump_unit_06,52.2,1.903,1512.4,10.05,133.64,61.5,normal
2026-09-01 13:30:00,pump_unit_06,61.45,1.918,1489.2,10.81,138.8,65.7,normal
2026-09-01 13:45:00,pump_unit_06,59.93,1.038,1507.0,9.83,137.95,78.2,normal
2026-09-01 14:00:00,pump_unit_06,52.62,7.892,1398.3,9.85,132.13,62.8,rotor_unbalance
2026-09-01 14:15:00,pump_unit_06,54.09,1.602,1520.2,10.05,137.78,74.6,normal
2026-09-01 14:30:00,pump_unit_06,52.92,9.902,1434.5,10.41,150.46,70.0,rotor_unbalance
2026-09-01 14:45:00,pump_unit_06,55.15,1.874,1494.6,10.16,143.07,64.7,normal
2026-09-01 15:00:00,pump_unit_06,65.58,7.19,1424.9,9.0,140.58,62.4,rotor_unbalance
2026-09-01 15:15:00,pump_unit_06,75.01,1.269,1522.6,21.62,147.64,74.1,electrical_overcurrent
2026-09-01 15:30:00,pump_unit_06,53.35,1.809,1491.3,8.57,145.61,67.5,normal
2026-09-01 15:45:00,pump_unit_06,93.6,5.243,1481.6,8.4,142.04,71.1,bearing_overheat_wear
2026-09-01 16:00:00,pump_unit_06,49.87,1.492,1483.7,10.88,138.19,65.3,normal
2026-09-01 16:15:00,pump_unit_06,74.02,1.902,1489.5,26.97,129.07,73.8,electrical_overcurrent
2026-09-01 16:30:00,pump_unit_06,57.58,10.229,1404.0,9.29,148.86,73.3,rotor_unbalance
2026-09-01 16:45:00,pump_unit_06,53.35,7.912,1436.8,10.45,142.37,63.8,rotor_unbalance
2026-09-01 17:00:00,pump_unit_06,97.02,5.952,1519.0,10.35,146.4,61.5,bearing_overheat_wear
2026-09-01 17:15:00,pump_unit_06,55.23,1.661,1479.8,9.19,41.47,42.4,hydraulic_pressure_loss
2026-09-01 17:30:00,pump_unit_06,59.45,1.64,1498.7,10.16,37.01,50.1,hydraulic_pressure_loss
2026-09-01 17:45:00,pump_unit_06,54.42,1.54,1513.5,10.45,141.84,76.1,normal
2026-09-01 18:00:00,pump_unit_06,57.68,1.373,1484.6,9.4,37.68,39.2,hydraulic_pressure_loss
2026-09-01 18:15:00,pump_unit_06,85.41,6.278,1502.9,10.5,149.54,73.1,bearing_overheat_wear
2026-09-01 18:30:00,pump_unit_06,83.04,6.108,1462.6,10.17,134.9,68.6,bearing_overheat_wear
2026-09-01 18:45:00,pump_unit_06,59.9,1.802,1483.5,10.0,133.28,70.4,normal
2026-09-01 19:00:00,pump_unit_06,63.64,1.613,1491.0,9.74,55.2,49.7,hydraulic_pressure_loss
2026-09-01 19:15:00,pump_unit_06,58.45,8.129,1387.3,9.95,152.13,63.1,rotor_unbalance
2026-09-01 19:30:00,pump_unit_06,58.1,1.596,1502.7,10.41,137.42,72.5,normal
2026-09-01 19:45:00,pump_unit_06,55.75,9.026,1400.4,10.38,140.3,64.2,rotor_unbalance
2026-09-01 20:00:00,pump_unit_06,53.88,2.328,1481.4,9.61,135.15,69.9,normal
2026-09-01 20:15:00,pump_unit_06,53.33,7.417,1441.2,9.8,132.56,74.5,rotor_unbalance
2026-09-01 20:30:00,pump_unit_06,81.1,2.025,1479.9,20.55,143.03,66.4,electrical_overcurrent
2026-09-01 20:45:00,pump_unit_06,97.78,6.71,1507.1,10.07,138.56,57.6,bearing_overheat_wear
2026-09-01 21:00:00,pump_unit_06,56.11,1.759,1496.1,11.03,134.06,66.6,normal
2026-09-01 21:15:00,pump_unit_06,52.54,7.733,1425.5,10.43,148.97,59.0,rotor_unbalance
2026-09-01 21:30:00,pump_unit_06,56.05,1.468,1505.4,11.05,141.36,56.9,normal
2026-09-01 21:45:00,pump_unit_06,56.98,1.806,1454.6,11.19,47.97,40.8,hydraulic_pressure_loss
2026-09-01 22:00:00,pump_unit_06,56.25,9.026,1408.1,10.49,142.31,72.7,rotor_unbalance
2026-09-01 22:15:00,pump_unit_06,57.25,1.58,1499.8,10.02,142.51,68.7,normal
2026-09-01 22:30:00,pump_unit_06,55.63,1.993,1501.7,10.12,148.21,69.9,normal
2026-09-01 22:45:00,pump_unit_06,96.65,6.08,1481.5,8.25,137.61,72.6,bearing_overheat_wear
2026-09-01 23:00:00,pump_unit_06,96.98,4.546,1502.0,10.6,147.51,57.8,bearing_overheat_wear
2026-09-01 23:15:00,pump_unit_06,60.41,1.872,1490.6,10.81,144.34,65.8,normal
2026-09-01 23:30:00,pump_unit_06,59.13,9.768,1437.4,10.24,139.73,71.3,rotor_unbalance
2026-09-01 23:45:00,pump_unit_06,59.54,8.066,1374.4,10.28,149.95,65.5,rotor_unbalance
2026-09-02 00:00:00,pump_unit_06,45.16,1.499,1536.0,10.67,134.47,67.7,normal
2026-09-02 00:15:00,pump_unit_06,57.96,9.403,1407.6,9.77,143.94,63.8,rotor_unbalance
2026-09-02 00:30:00,pump_unit_06,71.01,1.447,1499.7,23.6,124.28,61.7,electrical_overcurrent
2026-09-02 00:45:00,pump_unit_06,70.58,2.064,1494.7,23.67,135.82,67.6,electrical_overcurrent
2026-09-02 01:00:00,pump_unit_06,51.69,9.161,1451.0,9.84,140.73,67.5,rotor_unbalance
2026-09-02 01:15:00,pump_unit_06,51.69,1.313,1489.6,10.65,136.53,83.1,normal
2026-09-02 01:30:00,pump_unit_06,74.73,2.039,1522.8,23.5,127.2,65.3,electrical_overcurrent
2026-09-02 01:45:00,pump_unit_06,59.62,1.915,1507.0,9.45,134.52,77.7,normal
2026-09-02 02:00:00,pump_unit_06,52.82,1.614,1485.3,9.63,41.34,30.1,hydraulic_pressure_loss
2026-09-02 02:15:00,pump_unit_06,86.34,4.971,1483.9,10.1,141.81,72.3,bearing_overheat_wear
2026-09-02 02:30:00,pump_unit_06,96.0,5.158,1467.8,10.41,143.63,71.5,bearing_overheat_wear
2026-09-02 02:45:00,pump_unit_06,56.93,1.928,1486.6,11.09,135.59,64.5,normal
2026-09-02 03:00:00,pump_unit_06,58.04,1.693,1499.3,10.32,60.16,36.2,hydraulic_pressure_loss
2026-09-02 03:15:00,pump_unit_06,58.95,1.704,1479.1,10.46,138.37,67.1,normal
2026-09-02 03:30:00,pump_unit_06,62.85,1.128,1489.2,10.2,43.52,43.9,hydraulic_pressure_loss
2026-09-02 03:45:00,pump_unit_06,54.61,1.769,1493.8,10.05,141.26,72.5,normal
2026-09-02 04:00:00,pump_unit_06,51.32,1.275,1508.0,10.4,142.53,59.4,normal
2026-09-02 04:15:00,pump_unit_06,52.87,8.623,1447.3,9.41,137.27,69.1,rotor_unbalance
2026-09-02 04:30:00,pump_unit_06,59.22,8.789,1360.2,11.05,132.51,77.6,rotor_unbalance
2026-09-02 04:45:00,pump_unit_06,53.81,1.996,1491.4,10.77,135.75,60.2,normal
2026-09-02 05:00:00,pump_unit_06,99.31,5.626,1513.4,9.52,141.57,68.4,bearing_overheat_wear
2026-09-02 05:15:00,pump_unit_06,80.17,1.974,1469.1,25.24,143.67,67.4,electrical_overcurrent
2026-09-02 05:30:00,pump_unit_06,57.96,1.666,1488.6,10.22,43.98,42.8,hydraulic_pressure_loss
2026-09-02 05:45:00,pump_unit_06,61.92,1.619,1486.5,10.15,140.34,65.7,normal
2026-09-02 06:00:00,pump_unit_06,54.86,1.852,1459.6,11.7,139.26,71.5,normal
2026-09-02 06:15:00,pump_unit_06,74.91,1.598,1517.0,26.0,143.79,64.1,electrical_overcurrent
2026-09-02 06:30:00,pump_unit_06,48.39,9.911,1398.8,9.33,135.94,58.3,rotor_unbalance
2026-09-02 06:45:00,pump_unit_06,59.2,1.921,1497.8,9.4,132.32,61.2,normal
2026-09-02 07:00:00,pump_unit_06,58.04,2.071,1504.5,9.61,140.12,66.1,normal
2026-09-02 07:15:00,pump_unit_06,62.13,1.271,1491.5,11.17,132.67,64.1,normal
2026-09-02 07:30:00,pump_unit_06,71.11,1.321,1503.9,25.8,142.54,62.8,electrical_overcurrent
2026-09-02 07:45:00,pump_unit_06,79.22,1.829,1477.2,22.13,133.24,60.8,electrical_overcurrent
2026-09-02 08:00:00,pump_unit_06,87.9,5.556,1478.5,9.77,141.36,64.2,bearing_overheat_wear
2026-09-02 08:15:00,pump_unit_06,55.79,2.278,1492.4,11.14,54.05,36.2,hydraulic_pressure_loss
2026-09-02 08:30:00,pump_unit_06,54.68,1.984,1513.8,10.45,137.77,55.5,normal
2026-09-02 08:45:00,pump_unit_06,70.16,1.855,1526.6,21.4,143.93,62.2,electrical_overcurrent
2026-09-01 08:00:00,pump_unit_07,79.38,1.907,1478.7,28.23,140.51,57.6,electrical_overcurrent
2026-09-01 08:15:00,pump_unit_07,53.82,2.048,1497.8,9.15,132.92,74.7,normal
2026-09-01 08:30:00,pump_unit_07,56.13,2.249,1510.8,10.75,57.67,54.3,hydraulic_pressure_loss
2026-09-01 08:45:00,pump_unit_07,88.8,6.103,1505.5,9.44,141.85,64.9,bearing_overheat_wear
2026-09-01 09:00:00,pump_unit_07,100.67,5.98,1500.3,10.18,144.22,74.8,bearing_overheat_wear
2026-09-01 09:15:00,pump_unit_07,78.1,2.42,1496.2,23.15,143.04,62.6,electrical_overcurrent
2026-09-01 09:30:00,pump_unit_07,53.29,1.605,1496.9,9.87,134.45,66.0,normal
2026-09-01 09:45:00,pump_unit_07,97.25,5.946,1509.8,8.01,137.77,64.3,bearing_overheat_wear
2026-09-01 10:00:00,pump_unit_07,70.39,1.976,1497.9,20.15,149.5,59.4,electrical_overcurrent
2026-09-01 10:15:00,pump_unit_07,101.8,6.052,1471.6,10.15,137.18,63.9,bearing_overheat_wear
2026-09-01 10:30:00,pump_unit_07,57.73,1.815,1481.6,9.99,47.1,43.2,hydraulic_pressure_loss
2026-09-01 10:45:00,pump_unit_07,88.77,6.614,1482.8,10.44,143.9,60.4,bearing_overheat_wear
2026-09-01 11:00:00,pump_unit_07,92.61,6.498,1481.0,9.79,134.05,73.3,bearing_overheat_wear
2026-09-01 11:15:00,pump_unit_07,51.35,1.672,1455.6,10.1,139.15,72.9,normal
2026-09-01 11:30:00,pump_unit_07,59.07,2.046,1513.8,10.16,145.07,59.2,normal
2026-09-01 11:45:00,pump_unit_07,96.97,4.721,1478.1,10.2,135.88,70.3,bearing_overheat_wear
2026-09-01 12:00:00,pump_unit_07,58.16,1.485,1495.0,11.02,26.94,46.0,hydraulic_pressure_loss
2026-09-01 12:15:00,pump_unit_07,54.94,1.718,1489.2,10.26,140.17,61.7,normal
2026-09-01 12:30:00,pump_unit_07,51.58,1.735,1490.6,10.49,129.4,73.3,normal
2026-09-01 12:45:00,pump_unit_07,59.27,9.793,1406.3,11.73,138.61,75.4,rotor_unbalance
2026-09-01 13:00:00,pump_unit_07,57.97,1.594,1480.2,9.69,140.5,66.7,normal
2026-09-01 13:15:00,pump_unit_07,79.05,1.507,1484.0,22.29,150.15,69.8,electrical_overcurrent
2026-09-01 13:30:00,pump_unit_07,56.78,1.724,1511.1,12.05,135.26,61.9,normal
2026-09-01 13:45:00,pump_unit_07,60.62,2.113,1493.0,10.23,135.92,73.3,normal
2026-09-01 14:00:00,pump_unit_07,54.09,1.983,1492.2,10.01,29.31,46.2,hydraulic_pressure_loss
2026-09-01 14:15:00,pump_unit_07,54.3,8.871,1440.7,10.34,132.89,66.0,rotor_unbalance
2026-09-01 14:30:00,pump_unit_07,56.68,2.212,1499.0,10.27,135.32,68.1,normal
2026-09-01 14:45:00,pump_unit_07,74.07,1.638,1490.2,21.77,142.31,64.5,electrical_overcurrent
2026-09-01 15:00:00,pump_unit_07,53.3,2.124,1469.8,10.29,147.93,63.4,normal
2026-09-01 15:15:00,pump_unit_07,72.75,2.288,1493.8,21.66,146.77,72.0,electrical_overcurrent
2026-09-01 15:30:00,pump_unit_07,70.89,1.165,1494.2,23.45,148.08,69.1,electrical_overcurrent
2026-09-01 15:45:00,pump_unit_07,51.15,11.075,1461.6,10.78,139.54,65.4,rotor_unbalance
2026-09-01 16:00:00,pump_unit_07,62.4,2.218,1468.9,9.67,136.65,67.5,normal
2026-09-01 16:15:00,pump_unit_07,65.49,8.184,1420.7,10.69,139.99,68.7,rotor_unbalance
2026-09-01 16:30:00,pump_unit_07,56.15,1.971,1516.2,10.95,140.36,61.0,normal
2026-09-01 16:45:00,pump_unit_07,54.23,1.876,1487.8,9.45,134.06,58.1,normal
2026-09-01 17:00:00,pump_unit_07,49.86,1.5,1489.1,9.13,51.63,40.0,hydraulic_pressure_loss
2026-09-01 17:15:00,pump_unit_07,52.5,1.565,1512.9,10.91,143.01,73.6,normal
2026-09-01 17:30:00,pump_unit_07,59.74,1.918,1510.2,10.51,51.04,32.8,hydraulic_pressure_loss
2026-09-01 17:45:00,pump_unit_07,73.45,1.638,1525.7,20.84,138.81,62.7,electrical_overcurrent
2026-09-01 18:00:00,pump_unit_07,73.27,1.59,1506.8,28.83,145.27,68.8,electrical_overcurrent
2026-09-01 18:15:00,pump_unit_07,56.14,7.804,1394.8,11.34,148.55,76.9,rotor_unbalance
2026-09-01 18:30:00,pump_unit_07,50.66,1.354,1498.6,10.62,62.21,42.6,hydraulic_pressure_loss
2026-09-01 18:45:00,pump_unit_07,49.73,1.199,1506.1,9.6,144.36,74.7,normal
2026-09-01 19:00:00,pump_unit_07,57.07,9.654,1392.5,10.3,137.65,65.4,rotor_unbalance
2026-09-01 19:15:00,pump_unit_07,51.52,2.072,1499.5,10.5,135.28,63.4,normal
2026-09-01 19:30:00,pump_unit_07,61.2,1.944,1481.5,10.47,44.58,36.8,hydraulic_pressure_loss
2026-09-01 19:45:00,pump_unit_07,57.17,1.919,1483.5,9.55,144.94,75.1,normal
2026-09-01 20:00:00,pump_unit_07,61.31,1.84,1490.3,11.28,143.57,62.1,normal
2026-09-01 20:15:00,pump_unit_07,56.72,1.747,1494.6,11.06,143.8,76.0,normal
2026-09-01 20:30:00,pump_unit_07,78.36,2.008,1472.1,24.27,135.8,68.1,electrical_overcurrent
2026-09-01 20:45:00,pump_unit_07,56.84,1.968,1500.8,10.52,141.52,78.1,normal
2026-09-01 21:00:00,pump_unit_07,51.29,8.034,1422.1,10.45,145.66,69.1,rotor_unbalance
2026-09-01 21:15:00,pump_unit_07,54.72,1.6,1477.2,11.35,142.52,67.8,normal
2026-09-01 21:30:00,pump_unit_07,56.04,2.097,1482.6,10.2,144.34,56.4,normal
2026-09-01 21:45:00,pump_unit_07,70.87,1.76,1487.5,25.62,149.62,66.1,electrical_overcurrent
2026-09-01 22:00:00,pump_unit_07,61.35,1.802,1521.7,10.8,141.54,67.6,normal
2026-09-01 22:15:00,pump_unit_07,55.27,2.069,1494.8,9.95,138.75,74.0,normal
2026-09-01 22:30:00,pump_unit_07,52.66,7.716,1437.2,11.42,145.73,60.5,rotor_unbalance
2026-09-01 22:45:00,pump_unit_07,60.62,1.373,1470.7,9.54,141.44,71.7,normal
2026-09-01 23:00:00,pump_unit_07,59.11,1.271,1512.8,9.95,143.66,60.1,normal
2026-09-01 23:15:00,pump_unit_07,55.83,2.147,1471.2,10.22,48.94,42.0,hydraulic_pressure_loss
2026-09-01 23:30:00,pump_unit_07,58.25,7.933,1395.8,10.69,144.79,66.4,rotor_unbalance
2026-09-01 23:45:00,pump_unit_07,54.38,1.788,1505.7,9.7,136.58,68.6,normal
2026-09-02 00:00:00,pump_unit_07,79.95,1.348,1499.7,20.58,145.09,62.4,electrical_overcurrent
2026-09-02 00:15:00,pump_unit_07,77.9,1.945,1494.9,26.99,143.64,67.7,electrical_overcurrent
2026-09-02 00:30:00,pump_unit_07,75.57,2.189,1497.4,27.64,135.65,78.5,electrical_overcurrent
2026-09-02 00:45:00,pump_unit_07,48.5,2.182,1504.4,10.92,142.79,67.0,normal
2026-09-02 01:00:00,pump_unit_07,54.51,7.243,1389.5,10.85,147.38,70.2,rotor_unbalance
2026-09-02 01:15:00,pump_unit_07,78.77,1.684,1499.0,19.73,135.59,71.8,electrical_overcurrent
2026-09-02 01:30:00,pump_unit_07,53.14,1.805,1516.3,10.85,143.98,79.5,normal
2026-09-02 01:45:00,pump_unit_07,51.55,1.583,1491.2,8.32,138.96,64.7,normal
2026-09-02 02:00:00,pump_unit_07,56.23,1.62,1503.8,10.78,27.85,43.3,hydraulic_pressure_loss
2026-09-02 02:15:00,pump_unit_07,55.26,9.76,1411.0,9.22,140.86,70.6,rotor_unbalance
2026-09-02 02:30:00,pump_unit_07,59.57,8.395,1394.3,9.87,137.98,68.4,rotor_unbalance
2026-09-02 02:45:00,pump_unit_07,57.37,1.992,1482.9,10.88,139.2,59.5,normal
2026-09-02 03:00:00,pump_unit_07,103.6,5.875,1494.4,9.62,143.05,67.7,bearing_overheat_wear
2026-09-02 03:15:00,pump_unit_07,51.87,1.137,1503.5,9.23,31.6,41.6,hydraulic_pressure_loss
2026-09-02 03:30:00,pump_unit_07,60.85,2.314,1509.8,10.47,25.61,51.3,hydraulic_pressure_loss
2026-09-02 03:45:00,pump_unit_07,54.39,1.849,1498.7,10.59,137.1,59.9,normal
2026-09-02 04:00:00,pump_unit_07,56.44,2.547,1501.7,9.14,28.89,50.1,hydraulic_pressure_loss
2026-09-02 04:15:00,pump_unit_07,55.69,2.059,1489.8,8.95,55.89,46.5,hydraulic_pressure_loss
2026-09-02 04:30:00,pump_unit_07,74.67,2.108,1500.8,21.39,147.51,61.7,electrical_overcurrent
2026-09-02 04:45:00,pump_unit_07,57.74,1.744,1480.1,10.25,140.85,73.6,normal
2026-09-02 05:00:00,pump_unit_07,77.74,1.896,1492.2,27.25,141.44,66.0,electrical_overcurrent
2026-09-02 05:15:00,pump_unit_07,56.32,9.654,1421.3,10.03,140.51,69.4,rotor_unbalance
2026-09-02 05:30:00,pump_unit_07,52.61,2.235,1506.6,9.89,139.46,67.4,normal
2026-09-02 05:45:00,pump_unit_07,56.65,2.56,1497.8,10.73,28.2,31.4,hydraulic_pressure_loss
2026-09-02 06:00:00,pump_unit_07,58.41,1.267,1505.1,11.73,54.85,45.1,hydraulic_pressure_loss
2026-09-02 06:15:00,pump_unit_07,62.65,1.934,1512.3,26.28,142.92,65.5,electrical_overcurrent
2026-09-02 06:30:00,pump_unit_07,82.07,1.204,1472.3,26.04,132.04,68.3,electrical_overcurrent
2026-09-02 06:45:00,pump_unit_07,97.49,6.404,1492.4,8.64,138.34,68.0,bearing_overheat_wear
2026-09-02 07:00:00,pump_unit_07,54.07,9.93,1410.7,10.12,141.59,66.9,rotor_unbalance
2026-09-02 07:15:00,pump_unit_07,56.35,1.808,1490.4,9.94,45.95,26.2,hydraulic_pressure_loss
2026-09-02 07:30:00,pump_unit_07,53.14,2.369,1489.3,9.5,135.03,57.6,normal
2026-09-02 07:45:00,pump_unit_07,59.8,1.98,1481.6,11.65,138.24,66.4,normal
2026-09-02 08:00:00,pump_unit_07,57.31,9.754,1415.6,9.88,136.94,56.9,rotor_unbalance
2026-09-02 08:15:00,pump_unit_07,55.07,1.502,1498.4,11.01,142.15,69.0,normal
2026-09-02 08:30:00,pump_unit_07,73.47,0.86,1500.7,24.27,132.46,66.6,electrical_overcurrent
2026-09-02 08:45:00,pump_unit_07,56.65,1.846,1507.0,10.21,50.84,37.9,hydraulic_pressure_loss
2026-09-01 08:00:00,pump_unit_08,59.02,7.912,1404.3,10.23,146.85,68.3,rotor_unbalance
2026-09-01 08:15:00,pump_unit_08,57.31,1.265,1512.0,10.81,145.66,71.5,normal
2026-09-01 08:30:00,pump_unit_08,56.82,2.061,1467.7,9.0,136.32,67.2,normal
2026-09-01 08:45:00,pump_unit_08,56.14,2.135,1512.2,9.5,141.19,62.9,normal
2026-09-01 09:00:00,pump_unit_08,56.13,0.777,1531.2,10.65,137.02,79.6,normal
2026-09-01 09:15:00,pump_unit_08,55.46,1.654,1519.8,10.12,140.75,75.2,normal
2026-09-01 09:30:00,pump_unit_08,54.81,2.133,1533.1,10.45,140.58,69.0,normal
2026-09-01 09:45:00,pump_unit_08,52.9,9.831,1400.8,9.25,137.41,67.7,rotor_unbalance
2026-09-01 10:00:00,pump_unit_08,52.45,8.58,1440.2,10.22,137.79,74.7,rotor_unbalance
2026-09-01 10:15:00,pump_unit_08,54.13,1.862,1483.4,10.53,137.65,59.6,normal
2026-09-01 10:30:00,pump_unit_08,58.91,9.543,1413.6,9.43,139.25,64.6,rotor_unbalance
2026-09-01 10:45:00,pump_unit_08,57.0,9.476,1451.3,9.87,141.36,66.4,rotor_unbalance
2026-09-01 11:00:00,pump_unit_08,50.35,8.186,1387.8,8.69,142.54,73.8,rotor_unbalance
2026-09-01 11:15:00,pump_unit_08,51.12,1.863,1498.0,9.55,139.13,56.1,normal
2026-09-01 11:30:00,pump_unit_08,75.58,1.79,1473.6,24.05,138.6,67.9,electrical_overcurrent
2026-09-01 11:45:00,pump_unit_08,58.37,2.234,1503.5,10.17,145.05,74.4,normal
2026-09-01 12:00:00,pump_unit_08,49.91,1.548,1490.9,10.82,139.89,74.8,normal
2026-09-01 12:15:00,pump_unit_08,59.2,2.162,1479.4,10.59,51.21,25.3,hydraulic_pressure_loss
2026-09-01 12:30:00,pump_unit_08,62.06,1.853,1531.7,10.34,27.35,38.0,hydraulic_pressure_loss
2026-09-01 12:45:00,pump_unit_08,59.48,2.147,1512.0,9.91,58.55,34.6,hydraulic_pressure_loss
2026-09-01 13:00:00,pump_unit_08,61.91,2.069,1491.5,10.86,148.53,80.0,normal
2026-09-01 13:15:00,pump_unit_08,77.88,1.735,1503.6,21.58,142.17,70.7,electrical_overcurrent
2026-09-01 13:30:00,pump_unit_08,73.51,1.751,1497.0,25.03,138.8,68.3,electrical_overcurrent
2026-09-01 13:45:00,pump_unit_08,60.69,1.861,1503.6,10.08,60.47,40.4,hydraulic_pressure_loss
2026-09-01 14:00:00,pump_unit_08,89.75,4.568,1520.6,12.37,133.98,60.4,bearing_overheat_wear
2026-09-01 14:15:00,pump_unit_08,72.76,1.852,1502.9,22.51,138.78,67.9,electrical_overcurrent
2026-09-01 14:30:00,pump_unit_08,75.09,1.874,1504.2,22.66,132.58,72.0,electrical_overcurrent
2026-09-01 14:45:00,pump_unit_08,57.95,1.533,1510.7,12.77,128.63,72.2,normal
2026-09-01 15:00:00,pump_unit_08,52.84,1.928,1491.9,10.3,135.44,72.7,normal
2026-09-01 15:15:00,pump_unit_08,59.35,1.677,1474.0,11.48,49.01,58.2,hydraulic_pressure_loss
2026-09-01 15:30:00,pump_unit_08,55.42,2.258,1501.6,10.34,139.0,67.7,normal
2026-09-01 15:45:00,pump_unit_08,72.46,1.682,1486.5,22.3,132.99,63.5,electrical_overcurrent
2026-09-01 16:00:00,pump_unit_08,57.47,1.056,1503.5,10.07,137.59,69.1,normal
2026-09-01 16:15:00,pump_unit_08,47.57,2.077,1498.6,9.95,135.17,59.2,normal
2026-09-01 16:30:00,pump_unit_08,60.65,1.861,1474.3,10.38,139.73,73.2,normal
2026-09-01 16:45:00,pump_unit_08,64.06,1.964,1479.9,19.84,139.06,70.5,electrical_overcurrent
2026-09-01 17:00:00,pump_unit_08,55.16,1.54,1480.3,11.02,132.44,74.4,normal
2026-09-01 17:15:00,pump_unit_08,73.95,1.288,1492.8,23.83,133.32,71.0,electrical_overcurrent
2026-09-01 17:30:00,pump_unit_08,87.85,6.432,1519.3,11.35,141.95,66.2,bearing_overheat_wear
2026-09-01 17:45:00,pump_unit_08,52.17,10.466,1467.5,10.15,133.28,59.9,rotor_unbalance
2026-09-01 18:00:00,pump_unit_08,53.13,2.049,1492.6,9.61,138.0,60.8,normal
2026-09-01 18:15:00,pump_unit_08,78.12,1.993,1486.9,19.61,138.83,74.6,electrical_overcurrent
2026-09-01 18:30:00,pump_unit_08,56.75,2.293,1500.3,10.72,143.6,61.1,normal
2026-09-01 18:45:00,pump_unit_08,90.92,4.679,1506.9,10.43,140.4,52.4,bearing_overheat_wear
2026-09-01 19:00:00,pump_unit_08,81.43,5.108,1462.0,10.49,134.49,61.6,bearing_overheat_wear
2026-09-01 19:15:00,pump_unit_08,61.34,7.679,1441.9,9.17,138.32,64.9,rotor_unbalance
2026-09-01 19:30:00,pump_unit_08,76.18,2.1,1494.3,22.8,136.46,64.6,electrical_overcurrent
2026-09-01 19:45:00,pump_unit_08,76.13,2.534,1514.6,20.06,138.63,66.7,electrical_overcurrent
2026-09-01 20:00:00,pump_unit_08,94.51,5.39,1478.1,9.81,137.82,80.0,bearing_overheat_wear
2026-09-01 20:15:00,pump_unit_08,54.0,1.364,1506.7,10.59,146.43,66.7,normal
2026-09-01 20:30:00,pump_unit_08,55.6,2.068,1472.9,10.79,139.9,61.6,normal
2026-09-01 20:45:00,pump_unit_08,54.52,2.234,1520.1,10.48,149.81,67.7,normal
2026-09-01 21:00:00,pump_unit_08,53.42,1.646,1484.8,8.55,53.9,42.8,hydraulic_pressure_loss
2026-09-01 21:15:00,pump_unit_08,61.17,8.463,1371.7,9.92,134.83,73.9,rotor_unbalance
2026-09-01 21:30:00,pump_unit_08,100.63,5.059,1503.2,10.74,126.67,67.6,bearing_overheat_wear
2026-09-01 21:45:00,pump_unit_08,53.9,8.583,1418.4,10.4,136.16,68.2,rotor_unbalance
2026-09-01 22:00:00,pump_unit_08,57.96,1.218,1489.3,11.01,132.74,69.4,normal
2026-09-01 22:15:00,pump_unit_08,83.63,1.731,1492.4,28.24,133.37,66.7,electrical_overcurrent
2026-09-01 22:30:00,pump_unit_08,97.34,4.398,1497.1,11.39,135.84,68.9,bearing_overheat_wear
2026-09-01 22:45:00,pump_unit_08,77.78,1.568,1510.4,25.33,136.87,75.3,electrical_overcurrent
2026-09-01 23:00:00,pump_unit_08,53.99,1.797,1485.1,10.92,136.53,76.9,normal
2026-09-01 23:15:00,pump_unit_08,55.07,8.233,1435.8,9.96,139.85,73.4,rotor_unbalance
2026-09-01 23:30:00,pump_unit_08,58.03,9.219,1415.2,10.07,138.81,67.0,rotor_unbalance
2026-09-01 23:45:00,pump_unit_08,58.98,1.79,1487.7,11.18,147.76,75.5,normal
2026-09-02 00:00:00,pump_unit_08,53.27,2.344,1498.6,9.99,143.59,74.0,normal
2026-09-02 00:15:00,pump_unit_08,96.32,6.252,1477.6,10.21,134.43,62.1,bearing_overheat_wear
2026-09-02 00:30:00,pump_unit_08,52.73,1.815,1477.8,10.54,41.45,40.9,hydraulic_pressure_loss
2026-09-02 00:45:00,pump_unit_08,56.88,2.731,1493.2,10.1,143.72,77.9,normal
2026-09-02 01:00:00,pump_unit_08,47.46,9.884,1450.8,10.7,134.23,69.7,rotor_unbalance
2026-09-02 01:15:00,pump_unit_08,55.26,9.656,1403.8,11.39,140.52,64.6,rotor_unbalance
2026-09-02 01:30:00,pump_unit_08,55.39,2.094,1486.6,11.46,47.24,33.7,hydraulic_pressure_loss
2026-09-02 01:45:00,pump_unit_08,49.34,2.429,1468.6,9.92,146.32,59.3,normal
2026-09-02 02:00:00,pump_unit_08,59.28,8.952,1392.5,11.61,149.74,67.6,rotor_unbalance
2026-09-02 02:15:00,pump_unit_08,50.2,1.724,1496.5,9.8,35.44,53.4,hydraulic_pressure_loss
2026-09-02 02:30:00,pump_unit_08,55.84,2.232,1497.5,10.0,48.46,24.6,hydraulic_pressure_loss
2026-09-02 02:45:00,pump_unit_08,59.39,1.809,1491.3,9.52,143.11,63.2,normal
2026-09-02 03:00:00,pump_unit_08,59.16,9.049,1390.3,10.71,140.04,70.3,rotor_unbalance
2026-09-02 03:15:00,pump_unit_08,60.45,8.442,1387.1,10.79,145.73,63.0,rotor_unbalance
2026-09-02 03:30:00,pump_unit_08,54.09,1.81,1487.1,9.92,148.56,62.0,normal
2026-09-02 03:45:00,pump_unit_08,60.64,1.987,1526.8,9.84,140.63,64.0,normal
2026-09-02 04:00:00,pump_unit_08,71.01,2.005,1499.9,24.63,138.05,62.6,electrical_overcurrent
2026-09-02 04:15:00,pump_unit_08,62.26,2.246,1472.4,9.77,142.11,67.6,normal
2026-09-02 04:30:00,pump_unit_08,75.73,1.797,1523.7,27.55,145.84,60.4,electrical_overcurrent
2026-09-02 04:45:00,pump_unit_08,51.65,9.565,1381.8,10.06,144.18,65.4,rotor_unbalance
2026-09-02 05:00:00,pump_unit_08,106.14,4.767,1480.0,9.95,132.01,61.9,bearing_overheat_wear
2026-09-02 05:15:00,pump_unit_08,98.53,5.376,1504.6,8.06,141.02,67.7,bearing_overheat_wear
2026-09-02 05:30:00,pump_unit_08,59.35,1.721,1481.4,10.36,35.87,54.8,hydraulic_pressure_loss
2026-09-02 05:45:00,pump_unit_08,58.83,2.035,1516.3,10.69,35.26,47.8,hydraulic_pressure_loss
2026-09-02 06:00:00,pump_unit_08,60.68,1.798,1488.2,11.37,144.0,69.9,normal
2026-09-02 06:15:00,pump_unit_08,56.16,1.793,1485.0,10.3,48.32,42.7,hydraulic_pressure_loss
2026-09-02 06:30:00,pump_unit_08,54.03,7.954,1397.0,9.21,143.36,68.9,rotor_unbalance
2026-09-02 06:45:00,pump_unit_08,55.87,1.849,1479.9,8.81,29.0,46.6,hydraulic_pressure_loss
2026-09-02 07:00:00,pump_unit_08,54.25,1.601,1489.9,11.58,143.31,64.6,normal
2026-09-02 07:15:00,pump_unit_08,102.57,4.409,1483.5,11.01,137.9,61.4,bearing_overheat_wear
2026-09-02 07:30:00,pump_unit_08,54.86,2.06,1501.8,11.98,39.7,51.9,hydraulic_pressure_loss
2026-09-02 07:45:00,pump_unit_08,97.55,5.784,1496.6,9.68,141.99,64.1,bearing_overheat_wear
2026-09-02 08:00:00,pump_unit_08,68.01,1.363,1477.8,23.96,142.07,69.3,electrical_overcurrent
2026-09-02 08:15:00,pump_unit_08,89.59,6.167,1511.5,10.94,141.88,75.6,bearing_overheat_wear
2026-09-02 08:30:00,pump_unit_08,59.03,8.355,1386.0,11.33,134.14,61.2,rotor_unbalance
2026-09-02 08:45:00,pump_unit_08,57.27,10.441,1409.0,9.85,139.8,67.8,rotor_unbalance
